index,name,fasta,CPP
0,CPP_1,AAVLLPVLLAAP,1
1,CPP_2,AHALCLTERQIKIWFQNRRMKWKKEN,1
2,CPP_3,CGPGSDDEAAADAQHAAPPKKKRKVGY,1
3,CPP_4,CNGRCGGKKLKLLKLL,1
4,CPP_5,CNGRCGGLVTT,1
5,CPP_6,GALFLGFLGAAGSTMGAWSQPKSKRKV,1
6,CPP_7,GIGKFLHSAKKWGKAFVGQIMNC,1
7,CPP_8,GWTLNPAGYLLGKINLKALAALAKKIL,1
8,CPP_9,KALAALLKKWAKLLAALK,1
9,CPP_10,KCRKKKRRQRRRKKLSECLKRIGDELDS,1
10,CPP_11,KCRKKKRRQRRRKKPVVHLTLRQAGDDFSR,1
11,CPP_12,KETWWETWWTEWSQPKKKRKV,1
12,CPP_13,KITLKLAIKAWKLALKAA,1
13,CPP_14,KLAAALLKKWKKLAAALL,1
14,CPP_15,KLALQLALQALQAALQLA,1
15,CPP_16,KRPAATKKAGQAKKKKL,1
16,CPP_17,LGTYTQDFNKFHTFPQTAIGVGAP,1
17,CPP_18,LKTLATALTKLAKTLTTL,1
18,CPP_19,LKTLTETLKELTKTLTEL,1
19,CPP_20,MANLGYWLLALFVTMWTDVGLCKKRPKP,1
20,CPP_21,MPKKKPTPIQLNP,1
21,CPP_22,MVKSKIGSWILVLFVAMWSDVGLCKKRPKP,1
22,CPP_23,PKKKRKVALWKTLLKKVLKA,1
23,CPP_24,RGGRLSSYSRRRFSTSTGR,1
24,CPP_25,RKSSKPIMEKRRRAR,1
25,CPP_26,RQARRNRRRALWKTLLKKVLKA,1
26,CPP_27,RQGAARVTSWLGRQLRIAGKRLEGRSK,1
27,CPP_28,RQIKIWFQNRRMKWKKLRKKKKKH,1
28,CPP_29,RQPKIWFPNRRMPWKK,1
29,CPP_30,RRWRRWWRRWWRRWRR,1
30,CPP_31,RVIRVWFQNKRCKDKK,1
31,CPP_32,TRRNKRNRIQEQLNRK,1
32,CPP_34,VQAILRRNWNQYKIQ,1
33,CPP_35,VRLPPPVRLPPPVRLPPP,1
34,CPP_36,YGRKKRRQRRRGTSSSSDELSWIIELLEK,1
35,CPP_37,YGRKKRRQRRRSVYDFFVWL,1
36,CPP_38,RRRRRRRGGIYLATALAKWALKQGF,1
37,CPP_39,IYLATALAKWALKQGFGGRRRRRRR,1
38,CPP_40,RRRRRRRGGKLAKLAKKLAKLAK,1
39,CPP_41,KKALLAHALHLLALLALHLAHALKKA,1
40,CPP_42,KAFAKLAARLYRKALARQLGVAA,1
41,CPP_43,GSRVQIRCRFRNSTR,1
42,CPP_44,KLAKLAKKLAKLAKGRKKRRQRRRP,1
43,CPP_45,KLAKLAKKLAKLAKNYRWRCKNQN,1
44,CPP_46,LLIILRRRIRKQAHAHSKNHQQQNPHQPPM,1
45,CPP_47,NHQQQNPHQPPMLLIILRRRIRKQAHAHSK,1
46,CPP_48,YKALRISRKLAK,1
47,CPP_49,HHHHHHESGGGGSPGRRRRRRRRRRR,1
48,CPP_50,ARRRAARAARRRAARAARRRAARA,1
49,CPP_52,ARRARAARRARAARRARAARRARAARRARA,1
50,CPP_53,AKKAKAAKKAKAAKKAKAAKKAKAAKKAKA,1
51,CPP_54,YTFGLKTSFNVQYTFGLKTSFNVQ,1
52,CPP_55,LSTAADMQGVVTDGMASGLDKDYLKPDD,1
53,CPP_56,AGYLLGHINLHHLAHLHHILC,1
54,CPP_57,AGYLLGKINLKKLAKLLLIL,1
55,CPP_58,KWFKIQMQIRRWKNKR,1
56,CPP_59,HHHHHHHHHHHHRRRRRRRRRRRRRRR,1
57,CPP_60,CIGAVLKVLTTGLPALISWIKRKRQQ,1
58,CPP_61,GKKALKLAAKLLKKC,1
59,CPP_62,RRRRRRRQIKILFQNRRMKWKKGGC,1
60,CPP_63,GLFKALLKLLKSLWKLLLKAGGC,1
61,CPP_64,KWFETWFTEWPKKRKGGC,1
62,CPP_65,LIRLWSHLIHIWFQNRRLKWKKKGGC,1
63,CPP_66,WEAKLAKALAKALAKHLAKALAKALKACEA,1
64,CPP_67,CGGMVTVLFRRLRIRRASGPPRVRV,1
65,CPP_68,WEARLARALARALARHLARALARA,1
66,CPP_69,PKKKRKVWKLLQQFFGLM,1
67,CPP_70,CSSLDEPGRGGFSSESKV,1
68,CPP_71,KCFQWQRNMRKVRGPPVSCIKR,1
69,CPP_72,GRGDSPRRSPRR,1
70,CPP_73,GRGDSPRRKKKKSPRRKKKKSPRR,1
71,CPP_74,LLKLLKKLLKLLKKLLKLL,1
72,CPP_75,WLKLLKKWLKLWKKLLKLW,1
73,CPP_76,FLKLLKKFLKLFKKLLKLF,1
74,CPP_77,KALKLKLALALLAKLKLA,1
75,CPP_78,IPLVVPLRRRRRRRRC,1
76,CPP_79,KFLNRFWHWLQLKPGQPMY,1
77,CPP_80,GSVSRRRRRRGGRRRR,1
78,CPP_81,GLFRALLRLLRSLWRLLLRA,1
79,CPP_82,KKALLALALHHLAHLALHLALALKKA,1
80,CPP_83,YARVRRRGPRR,1
81,CPP_84,CRRLRHLRHHYRRRWHRFRC,1
82,CPP_85,CLLYWFRRRHRHHRRRHRRC,1
83,CPP_86,ISFDELLDYYGESGS,1
84,CPP_87,EEEEEEEEPLGLAGRRRRRRRRN,1
85,CPP_88,YGRKKRRQRRRAYFNGCSSPTAPLSPMSP,1
86,CPP_89,CGGKDCERRFSRSDQLKRHQRRHTGVKPFQ,1
87,CPP_90,GGGGRRRRRRRRRLLLL,1
88,CPP_91,YARAAARQARAKALARQLGVAA,1
89,CPP_92,RIMRILRILKLAR,1
90,CPP_93,RKKRRQRRRGGGKLLKLLLKLLLKLLK,1
91,CPP_94,GALFLAFLAAALSLMGLWSQPKKKRKV,1
92,CPP_95,KLFMALVAFLRFLTIPPTAGILKRWGTI,1
93,CPP_96,CELAGIGILTVRKKRRQRRR,1
94,CPP_97,CELAGIGILTVKKKKKQKKK,1
95,CPP_98,GLKKLARLFHKLLKLGC,1
96,CPP_99,KSTGKANKITITNDKGRLSK,1
97,CPP_100,KWCFRVCYRGICYRRCRGK,1
98,CPP_101,KWSFRVSYRGISYRRSRGK,1
99,CPP_102,KWFRVYRGIYRRRGK,1
100,CPP_103,KWCFAVCYAGICYAACAGK,1
101,CPP_104,CTSTTAKRKKRKLK,1
102,CPP_105,KKWKMRRNQFWIKIQR,1
103,CPP_106,HILPWKWPWWPWRR,1
104,CPP_107,MRRIRPRPPRLPRPRPRPLPFPRPGGCYPG,1
105,CPP_108,KHKHKHKHKHKHKHKHKHKKLFKKILKYL,1
106,CPP_109,RRRQRRKKRGYCKCKYGRKKRRQRRR,1
107,CPP_110,RQIKIQFQNRRKWKK,1
108,CPP_111,APWHLSSQYSRT,1
109,CPP_112,GNYAHRVGAGAPVWL,1
110,CPP_113,TVDNPASTTNKDKLFAVRK,1
111,CPP_114,KIAKLKAKIQKLKQKIAKLK,1
112,CPP_115,GGAYVTRSSAVRLRSSVPGVRLLQ,1
113,CPP_116,LLIILRRRIRRRARARSR,1
114,CPP_117,LLHILRRSIRKQAHAIRK,1
115,CPP_118,LLRILRRSIRRARRAIRR,1
116,CPP_119,LLRHLRRHIRRARRHIRR,1
117,CPP_120,MAMPGEPRRANVMAHKLEPASLQLRSCA,1
118,CPP_121,MAPQRDTVGGRTTPPSWGPAKAQLRNSCA,1
119,CPP_122,CGRKKRWWRQRWWRWWRPPQ,1
120,CPP_123,CGRKKRAARQRAARAARPPQ,1
121,CPP_124,CGRKKRLLRQRLLRLLRPPQ,1
122,CPP_125,LIKKALAALAKLNI,1
123,CPP_126,CRKARYRGRKRQR,1
124,CPP_127,CAYGGQQGGQGGG,1
125,CPP_128,RQIRIWFQNRRMRWRRC,1
126,CPP_129,RRRRRRRRRGPGVTWTPQAWFQWV,1
127,CPP_130,GKRKKKGKGLGKKRDPCLRKYK,1
128,CPP_131,FFLIPKGRRRRRRRRGC,1
129,CPP_132,FFFFFFGRRRRRRRRGC,1
130,CPP_133,GCGGGYGRKKRRQRRR,1
131,CPP_134,YGRKKRRQRRRGTALDWSWLQTE,1
132,CPP_135,CHHHHHRRRRRRRRRHHHHHC,1
133,CPP_136,GLWWKAWWKAWWKSLWWRKRKRKA,1
134,CPP_137,WWWWRRRRRRRR,1
135,CPP_138,RRRRWWWWRRRR,1
136,CPP_139,RWRRWRRWRRWR,1
137,CPP_140,DSLKSYWYLQKFSWR,1
138,CPP_141,KLWMRWWSPTTRRYG,1
139,CPP_142,RLWMRWYSPWTRRWG,1
140,CPP_143,RLIMRIYAPTTRRYG,1
141,CPP_144,RLYMRYYSPTTRRYG,1
142,CPP_145,KRPTMRFRYTWNPMK,1
143,CPP_146,WKCRRQCFRVLHHWN,1
144,CPP_147,RLLRLLLRLWRRLLRLLR,1
145,CPP_148,RLLRLLRRLLRLLRRLLRC,1
146,CPP_149,RGDRGDRRDLRLDRGDLRC,1
147,CPP_150,RGERGERRELRLERGELRC,1
148,CPP_151,GGGRRRRRRYGRKKRRQRR,1
149,CPP_152,YKQSHKKGGKKGSG,1
150,CPP_153,YRQSHRRGGRRGSG,1
151,CPP_154,EARPALLTSRLRFIPK,1
152,CPP_155,GRKKRRQRRRMVSAL,1
153,CPP_156,TPWWRLWTKWHHKRRDLPRKPEGC,1
154,CPP_157,YSSYSAPVSSSLSVRRSYSSSSGS,1
155,CPP_158,CSIPPEVKFNKPFVYLI,1
156,CPP_159,RKLTTIFPLNWKYRKALSLG,1
157,CPP_160,DITYRFRGPDWL,1
158,CPP_161,KHHWHHVRLPPPVRLPPPGNHHHHHH,1
159,CPP_162,RKKRRRESWVHLPPPVHLPPPGGHHHHHH,1
160,CPP_163,FFKKLALHALHLLALLWLHLAHLALKK,1
161,CPP_164,KHKLLHLLHLLALLWLHLLHLLKHK,1
162,CPP_165,CASGQQGLLKLC,1
163,CPP_166,VKRFKKFFRKLKKSV,1
164,CPP_167,KKKKKKNKKLQQRGD,1
165,CPP_168,RGDGPRRRPRKRRGR,1
166,CPP_169,RRRQKRIVVRRRLIR,1
167,CPP_170,RRVWRRYRRQRWCRR,1
168,CPP_171,RRARRPRRLRPAPGR,1
169,CPP_172,LLRARWRRRRSRRFR,1
170,CPP_173,RGPRRQPRRHRRPRR,1
171,CPP_174,RRWRRWNRFNRRRCR,1
172,CPP_175,MAARLCCQLDPARDVLCLRP,1
173,CPP_176,RHHRRHHRRHRRHHRRHHRHHR,1
174,CPP_177,RLHHRLHRRLHRLHRRLHRLHHRLHRRLH,1
175,CPP_178,LRHLLRHLLRHLRHLLRHLRHLLRHLLRH,1
176,CPP_179,LHHLLHHLLHLLHHLLHHLHHL,1
177,CPP_180,RRHLRRHLRHLRRHLRRHLRHL,1
178,CPP_181,RLHLRLHLRHLRHHLRLH,1
179,CPP_182,AEAEAEAEAKAKAKAKAGGGHRRRRRRR,1
180,CPP_183,RFTFHFRFEFTFHFEGGGRRRRRRR,1
181,CPP_184,FQFNFQFNGGGHRRRRRRR,1
182,CPP_185,RHNFRFFFNFRTNR,1
183,CPP_186,KLLKLLLKLWKKLLKLLKGGGRRRRRRR,1
184,CPP_187,HRLRHALAHLLHKLKHLLHALAHRLRH,1
185,CPP_188,HALAHKLKHLLHRLRHLLHRHLRHALAH,1
186,CPP_189,LAELLAELLAELGGGGRRRRRRRRR,1
187,CPP_190,ACSSSPSKHCGGGGRRRRRRRRR,1
188,CPP_191,RLALRLALRALRAALRLA,1
189,CPP_192,FITKALGISYGRKKRRQRRRPPQ,1
190,CPP_193,GRKKRRQARAPPQC,1
191,CPP_194,GWTLNSAGYLLGKFLPLILRKIVTAL,1
192,CPP_195,GWTLNSAGYLLGPHAVGNHRSFSDKNGLTS,1
193,CPP_196,KLALKAAAKAWKAAAKAA,1
194,CPP_197,KIAAKSIAKIWKSILKIA,1
195,CPP_198,KLALKLALKWAKLALKAA,1
196,CPP_199,KLLAKAAKKWLLLALKAA,1
197,CPP_200,KALKKLLAKWLAAAKALL,1
198,CPP_201,KLGLKLGLKGLKGGLKLG,1
199,CPP_202,ELALELALEALEAALELA,1
200,CPP_203,LLKTTALLKTTALLKTTA,1
201,CPP_204,LLKTTELLKTTELLKTTE,1
202,CPP_205,KCGCRWRWKCGCKK,1
203,CPP_206,KMDCRWRWKCSKK,1
204,CPP_207,KMDSRWRWKCCKK,1
205,CPP_208,KMDCRPRPKCCKK,1
206,CPP_209,GRPRESGKKRKRKRLKP,1
207,CPP_210,RKKRRRESRRARRSPRHL,1
208,CPP_211,SRRARRSPRESGKKRKRKR,1
209,CPP_212,VKRGLKLRHVRPRVTRMDV,1
210,CPP_213,SRRARRSPRHLGSG,1
211,CPP_214,AYRIKPTFRRLKWKYKGKFW,1
212,CPP_215,VNADIKATTVFGGKYVSLTTP,1
213,CPP_216,GKYVSLTTPKNPTKRRITPKDV,1
214,CPP_217,RSVTTEINTLFQTLTSIAEKVDP,1
215,CPP_218,AEKVDPVKLNLTLSAAAEALTGLGDK,1
216,CPP_219,GDVYADAAPDLFDFLDSSVTTARTINA,1
217,CPP_220,ADVFDRGGPYLQRGVADLVPTATLLDTYSP,1
218,CPP_221,LDTYSPELFCTIRNFYDADRPDRGAAA,1
219,CPP_222,HHHHHHTKRRITPKDVIDVRSVTTEINT,1
220,CPP_223,RTLVNEYKNTLKFSK,1
221,CPP_224,IPSRWKDQFWKRWHY,1
222,CPP_225,GYGNCRHFKQKPRRD,1
223,CPP_226,KNAWKHSSCHHRHQI,1
224,CPP_227,RVREWWYTITLKQES,1
225,CPP_228,QQHLLIAINGYPRYN,1
226,CPP_229,RLWMRWYSPTTARYG,1
227,CPP_230,KSHAHAQKRIRRRLIILL,1
228,CPP_231,GRQLRRAGRRLRGRSR,1
229,CPP_232,GRQLRIAGRRLRRRSR,1
230,CPP_233,KLIKGRTPIKFGKADCDRPPKHSQNGMGK,1
231,CPP_235,KSICKTIPSNKPKKK,1
232,CPP_236,KPRSKNPPKKPK,1
233,CPP_237,DRDDRDDRDDRDDRDDR,1
234,CPP_238,ERERERERERERER,1
235,CPP_239,WRWRWRWRWRWRWR,1
236,CPP_240,DRRRRGSRPSGAERRRRRAAAA,1
237,CPP_241,TRRSKRRSHRKF,1
238,CPP_243,FVTRGCPRRLVARLIRVMVPRR,1
239,CPP_244,RVRILARFLRTRV,1
240,CPP_246,VIRVHFRLPVRTV,1
241,CPP_247,GTKMIFVGIKKKEERADLIAYLKKA,1
242,CPP_248,RRRRNRTRRNRRRVRGC,1
243,CPP_249,TRRQRTRRARRNRGC,1
244,CPP_250,KMTRAQRRAAARRNRWTARGC,1
245,CPP_251,KLTRAQRRAAARKNKRNTRGC,1
246,CPP_252,NAKTRRHERRRKLAIERGC,1
247,CPP_253,MDAQTRRRERRAEKQAQWKAANGC,1
248,CPP_254,TAKTRYKARRAELIAERRGC,1
249,CPP_255,KRRIRRERNKMAAAKSRNRRRELTDTGC,1
250,CPP_256,RIKAERKRMRNRIAASKSRKRKLERIARGC,1
251,CPP_257,KRARNTEAARRSRARKLQRMKQGC,1
252,CPP_258,KCFMWQEMLNKAGVPKLRCARK,1
253,CPP_259,GLWWRLWWRLRSWFRLWFRA,1
254,CPP_260,PLSSIFSRIGDP,1
255,CPP_261,PSSSSSSRIGDP,1
256,CPP_262,VELPPPVELPPPVELPPP,1
257,CPP_263,ALWMTLLKKVLKAAAKAALNAVLVGANA,1
258,CPP_264,ALWKTLLKKVLKAPKKKRKV,1
259,CPP_265,EEEAAGRKRKKRT,1
260,CPP_266,FFFAAGRKRKKRT,1
261,CPP_267,NNNAAGRKRKKRT,1
262,CPP_268,YYYAAGRKRKKRT,1
263,CPP_269,GKKKKRKREKL,1
264,CPP_270,FLGKKFKKYFLQLLK,1
265,CPP_271,FLIFIRVICIVIAKLKANLMCKT,1
266,CPP_272,KKAAQIRSQVMTHLRVI,1
267,CPP_273,YIVLRRRRKRVNTKRS,1
268,CPP_274,RRKLSQQKEKK,1
269,CPP_275,KTVLLRKLLKLLVRKI,1
270,CPP_276,LLKKRKVVRLIKFLLK,1
271,CPP_277,KLPCRSNTFLNIFRRKKPG,1
272,CPP_278,KKICTRKPRFMSAWAQ,1
273,CPP_279,RGGRLAYLRRRWAVLGR,1
274,CPP_280,MANLGCWMLVLFVATWSDLGLCKKRPKP,1
275,CPP_281,GRRRRRRRRRPPQ,1
276,CPP_282,TSPLNIHNGQKL,1
277,CPP_283,GLLEALAELLEGLRKRLRKFRNKIKEK,1
278,CPP_284,CVQWSLLRGYQPC,1
279,CPP_285,VHLPPPVHLPPPVHLPPP,1
280,CPP_286,VKLPPPVKLPPPVKLPPP,1
281,CPP_287,ASMWERVKSIIKSSLAAASNI,1
282,CPP_288,DPKGDPKGVTVTVTVTVTGKGDPKPD,1
283,CPP_289,GSGKKGGKKHCQKY,1
284,CPP_290,IAWVKAFIRKLRKGPLG,1
285,CPP_291,RLSGMNEVLSFRWL,1
286,CPP_292,GPFHFYQFLFPPV,1
287,CPP_293,GSPWGLQHHPPRT,1
288,CPP_294,AAVALLPAVLLALLAPVQRKRQKLMP,1
289,CPP_295,MGLGLHLLVLAAALQGAWSQPKKKRKV,1
290,CPP_296,WEAALAEALAEALAEHLAEALAEALEALAA,1
291,CPP_297,GLFEALLELLESLWELLLEA,1
292,CPP_298,CGAYDLRRRERQSRLRRRERQSR,1
293,CPP_299,RKKRRRESRKKRRRESC,1
294,CPP_300,PPKKSAQCLRYKKPE,1
295,CPP_301,DPVDTPNPTRRKPGK,1
296,CPP_302,KRVSRNKSEKKRR,1
297,CPP_303,GRRHHCRSKAKRSRHH,1
298,CPP_304,GRKGKHKRKKLP,1
299,CPP_305,GKRVAKRKLIEQNRERRR,1
300,CPP_306,GRKLKKKKNEKEDKRPRT,1
301,CPP_307,GKKTNLFSALIKKKKTA,1
302,CPP_308,GKRRRRATAKYRSAH,1
303,CPP_309,GRRRRKRLSHRT,1
304,CPP_310,GKHRHERGHHRDRRER,1
305,CPP_311,GKKKRKLSNRESAKRSR,1
306,CPP_312,MIIYRDLISKK,1
307,CPP_313,MIIYRALISHKK,1
308,CPP_314,MIIYRIAASHKK,1
309,CPP_315,MIIFRAAASHKK,1
310,CPP_316,MIIFRIAAYHKK,1
311,CPP_317,WIIFKIAASHKK,1
312,CPP_318,LIIFRILISHKK,1
313,CPP_319,RILQQLLFIHFRIGCRHSRI,1
314,CPP_320,DTWAGVEAIIRILQQLLFIHFR,1
315,CPP_321,GYGRKKRRGRRRTHRLPRRRRRR,1
316,CPP_322,KRIIQRILSRNS,1
317,CPP_323,KRIHPRLTRSIR,1
318,CPP_324,PPRLRKRRQLNM,1
319,CPP_325,PIRRRKKLRRLK,1
320,CPP_326,RRQRRTSKLMKR,1
321,CPP_327,MHKRPTTPSRKM,1
322,CPP_328,RQRSRRRPLNIR,1
323,CPP_329,RIRMIQNLIKKT,1
324,CPP_330,SRRKRQRSNMRI,1
325,CPP_331,QRIRKSKISRTL,1
326,CPP_332,PSKRLLHNNLRR,1
327,CPP_333,HRHIRRQSLIML,1
328,CPP_334,PQNRLQIRRHSK,1
329,CPP_335,PPHNRIQRRLNM,1
330,CPP_336,SMLKRNHSTSNR,1
331,CPP_337,GSRHPSLIIPRQ,1
332,CPP_338,SPMQKTMNLPPM,1
333,CPP_339,NKRILIRIMTRP,1
334,CPP_340,PNTRVRPDVSF,1
335,CPP_341,LTRNYEAWVPTP,1
336,CPP_342,SAETVESCLAKSH,1
337,CPP_343,YSHIATLPFTPT,1
338,CPP_344,SYIQRTPSTTLP,1
339,CPP_345,AVPAENALNNPF,1
340,CPP_346,SFHQFARATLAS,1
341,CPP_347,QSPTDFTFPNPL,1
342,CPP_348,HFAAWGGWSLVH,1
343,CPP_349,HIQLSPFSQSWR,1
344,CPP_350,LTMPSDLQPVLW,1
345,CPP_351,FQPYDHPAEVSY,1
346,CPP_352,FDPFFWKYSPRD,1
347,CPP_353,FAPWDTASFMLG,1
348,CPP_354,FTYKNFFWLPEL,1
349,CPP_355,SATGAPWKMWVR,1
350,CPP_356,SLGWMLPFSPPF,1
351,CPP_357,SHAFTWPTYLQL,1
352,CPP_358,SHNWLPLWPLRP,1
353,CPP_359,SWLPYPWHVPSS,1
354,CPP_360,SWWTPWHVHSES,1
355,CPP_361,SWAQHLSLPPVL,1
356,CPP_362,SSSIFPPWLSFF,1
357,CPP_363,LNVPPSWFLSQR,1
358,CPP_364,LDITPFLSLTLP,1
359,CPP_365,LPHPVLHMGPLR,1
360,CPP_366,VSKQPYYMWNGN,1
361,CPP_367,NYTTYKSHFQDR,1
362,CPP_368,AIPNNQLGFPFK,1
363,CPP_369,NIENSTLATPLS,1
364,CPP_370,YPYDANHTRSPT,1
365,CPP_371,DPATNPGPHFPR,1
366,CPP_372,TLPSPLALLTVH,1
367,CPP_373,HPGSPFPPEHRP,1
368,CPP_374,TSHTDAPPARSP,1
369,CPP_375,MTPSSLSTLPWP,1
370,CPP_376,VLGQSGYLMPMR,1
371,CPP_377,QPIIITSPYLPS,1
372,CPP_378,TPKTMTQTYDFS,1
373,CPP_379,NSGTMQSASRAT,1
374,CPP_380,QAASRVENYMHR,1
375,CPP_381,HQHKPPPLTNNW,1
376,CPP_382,SNPWDSLLSVST,1
377,CPP_383,KTIEAHPPYYAS,1
378,CPP_384,EPDNWSLDFPRR,1
379,CPP_385,GLWRALWRALWRSLWKLKRKV,1
380,CPP_386,GLWRALWRLLRSLWRLLWSQPKKKRKV,1
381,CPP_387,YAREARRAARR,1
382,CPP_388,YGRRARRRARR,1
383,CPP_389,GEQIAQLIAGYIDIILKKKKSK,1
384,CPP_390,AAVALLPAVLLALLAPRKKRRQRRRPPQC,1
385,CPP_391,RKKRRQRRRPPQCAAVALLPAVLLALLAP,1
386,CPP_392,RRRQRRKRGGDIMGEWGNEIFGAIAGFLG,1
387,CPP_394,RLWRALPRVLRRLLRP,1
388,CPP_395,AAVALLPAVLLALLAPSGASGLDKRDYV,1
389,CPP_398,KETWWETWWTEWSQPGRKKRRQRRRPPQ,1
390,CPP_399,LGLLLRHLRHHSNLLANI,1
391,CPP_400,KLWSAWPSLWSSLWKP,1
392,CPP_401,GLGSLLKKAGKKLKQPKSKRKV,1
393,CPP_402,YRFKYRFKYRLFK,1
394,CPP_403,WRFKWRFKWRFK,1
395,CPP_404,RVIRWFQNKRSKDKK,1
396,CPP_405,CWKKKKKKKKKKKKKKKKKK,1
397,CPP_406,AAVALLPAVLLALLAKKNNLKDCGLF,1
398,CPP_407,GRKKRRQRRRPPQTYADFIASGRTGRRNAI,1
399,CPP_408,RRRRRRRRRRRTYADFIASGRTGRRNAI,1
400,CPP_409,KLALKLALKALKAALKLAGC,1
401,CPP_410,TRQARRNRRRRWRERQRGC,1
402,CPP_411,WLRRIKAWLRRIKALNRQLGVAA,1
403,CPP_412,AAAAARRRIRKQAHAHSK,1
404,CPP_416,AAVALLPAVLLALLAPEILLPNNYNAYESYKYPGMFIALSK,1
405,CPP_419,AAVALLPAVLLALLAVTDQLGEDFFAVDLEAFLQEFGLLPEKE,1
406,CPP_421,AGYLLGKINLKALAALAKKILTYADFIASGRTGRRNAI,1
407,CPP_426,AKVKDEPQRRSARLSAKPAPPKPEPKPKKAPAKK,1
408,CPP_431,ARTINAQQAELDSALLAAAGFGNTTADVFDRG,1
409,CPP_450,DAATATRGRSAASRPTQRPRAPARSASRPRRPVE,1
410,CPP_466,FRVPLRIRPCVVAPRLVMVRHTFGRIARWVAGPLETR,1
411,CPP_470,GGGARKKAAKAARKKAAKAARKKAAKAARKKAAKA,1
412,CPP_471,GGVCPAILKKCRRDSDCPGACICRGNGYCGSGSD,1
413,CPP_482,GLGDKFGESIVNANTVLDDLNSRMPQSRHDIQQL,1
414,CPP_483,GLPVCGETCVGGTCNTPGCKCSWPVCTRN,1
415,CPP_494,GRCTKSIPPICFPD,1
416,CPP_504,GRKKRRQRRRPPQGRKKRRQRRRPPQGRKKRRQRRRPPQ,1
417,CPP_549,KGSKKAVTKAQKKDGKKRKRSRKESYSVYVYKVLKQ,1
418,CPP_552,KKKKKKGGFLGFWRGENGRKTRSAYERMCILKGK,1
419,CPP_595,KRIPNKKPGKKTTTKPTKKPTIKTTKKDLKPQTTKPK,1
420,CPP_614,LLETLLKPFQCRICMRNFSTRQARRNHRRRHRR,1
421,CPP_615,LLGDFFRKSKEKIGKEFKRIVQRIKDFLRNLVPRTESC,1
422,CPP_664,MVRRFLVTLRIRRACGPPRVRVFVVHIPRLTGEWAAP,1
423,CPP_691,RGSRRAVTRAQRRDGRRRRRSRRESYSVYVYRVLRQ,1
424,CPP_759,RQIKIWFQNRRMKWKKDIMGEWGNEIFGAIAGFLG,1
425,CPP_760,RQIKIWFQNRRMKWKKTYADFIASGRTGRRNAI,1
426,CPP_791,SGRGKQGGKARAKAKTRSSRAGLQFPVGRVHRLLRKGC,1
427,non-CPP_11,GLVSSIGRALGGLLADVVKSKGQPA,0
428,non-CPP_12,RVCFAIPLPICH,0
429,non-CPP_13,GWFDVVKHIASAV,0
430,non-CPP_14,GWKDWLNKGKEWLKKKGPGIMKAALKAATQ,0
431,non-CPP_15,LLKELWTKMKGAGKAVLGKIKGLL,0
432,non-CPP_16,TWLKKRRWKKAKPP,0
433,non-CPP_17,RICRIIFLRVCR,0
434,non-CPP_18,FLPFIAGMAANFLPKIFCAISKKC,0
435,non-CPP_19,AALKGCWTKSIPPKPCSGKR,0
436,non-CPP_21,GLLSKVLGVGKKVLCGVSGLC,0
437,non-CPP_22,KIKWFKTMKSIAKFIAKEQMKKHLGGE,0
438,non-CPP_23,ILGTILGLLKGL,0
439,non-CPP_25,WLNALLHHGLNCAKGVLA,0
440,non-CPP_26,RSNKGFNFMVDMIQALSK,0
441,non-CPP_27,VWPLGLVICKALKIC,0
442,non-CPP_28,FLSAITSLLGKLL,0
443,non-CPP_29,FFPNVASVPGQVLLKKIFCAISKKC,0
444,non-CPP_32,GVVTDLLKTAGKLLGNLVGSLSG,0
445,non-CPP_33,GLRSKIWLWVLLMIWQESNKFKKM,0
446,non-CPP_34,GRRKRKWLRRIGKGVKIIGGAALDHL,0
447,non-CPP_35,RKFHEKHHSHRGYRSNYLYDN,0
448,non-CPP_36,GIMDSVKGLAKNLAGKLLDSLKCKITGC,0
449,non-CPP_37,ALWKTLLKGAGKVFGHVAKQFLGSQGQPES,0
450,non-CPP_38,LLGMIPLAISAISALSKL,0
451,non-CPP_39,NRWWQGVVPTVSYECRMNSWQHVFTCC,0
452,non-CPP_40,SWKSMAKKLKEYMEKLKQRA,0
453,non-CPP_41,GFFGKMKEYFKKFGASFKRRFANLKKRL,0
454,non-CPP_42,GTLPCESCVWIPCISSVVGCSCKSKVCYKN,0
455,non-CPP_45,GLPVCGETCFGGRCNTPGCTCSYPICTRN,0
456,non-CPP_46,NPKVAHCASQIGRSTAWGAVSGA,0
457,non-CPP_48,MRKEFHNVLSSGQLLADKRPARDYNRK,0
458,non-CPP_49,GLFTLIKCAYQLIAPTVACN,0
459,non-CPP_51,FIITGLVRGLTKLF,0
460,non-CPP_52,SLSRFLSFLKIVYPPAF,0
461,non-CPP_53,FWGHIWNAVKRVGANALHGAVTGALS,0
462,non-CPP_54,GLLGGLLGPLLGGGGGGGGGLL,0
463,non-CPP_55,FMGGLIKAATKIVPAAYCAITKKC,0
464,non-CPP_56,FLPGLIAGIAKML,0
465,non-CPP_57,IIPLPLGYFAKKT,0
466,non-CPP_58,HSDAVFTDNYTRLRKQMAVKKYLNSILN,0
467,non-CPP_59,GHHPHGHHPHGHHPHGHHHPH,0
468,non-CPP_60,FLPVLARLAVKFLPSIVCAATKKC,0
469,non-CPP_61,FLPKMSTKLRVPYRRGTKDYH,0
470,non-CPP_62,AVLDFIKAAGKGLVTNIMEKVG,0
471,non-CPP_63,FFGHLFKLATKIIPSLFQ,0
472,non-CPP_64,RCTCTTIISSSSTF,0
473,non-CPP_65,RCVCRRGVCRCVCTRGFC,0
474,non-CPP_66,ITCQQVTSELGPCVPYLTGQGIP,0
475,non-CPP_67,GIFSTVFKAGKGIVCGLTGLC,0
476,non-CPP_68,PSCVCSGFETSGIHFC,0
477,non-CPP_69,FKVQNQHGQVVKIFHH,0
478,non-CPP_71,SFPFFPPGICKRLKRC,0
479,non-CPP_72,SFHVFPPWMCKSLKKC,0
480,non-CPP_73,FPPPGESAVDMSFFYALSNP,0
481,non-CPP_74,GFMDTAKNVAKNVAVTLIDKLRCKVTGGC,0
482,non-CPP_75,GKLQAFLAKMKEIAAQTL,0
483,non-CPP_79,FLKPLFNAALKLLP,0
484,non-CPP_80,GFGSFLGKALKAALKIGANVLGGAPQQ,0
485,non-CPP_81,FFPLLFGALSSHLPKLF,0
486,non-CPP_83,GMATKAGTALGKVAKAVIGAAL,0
487,non-CPP_84,GLFLDTLKKFAKAGMEAVINPK,0
488,non-CPP_86,MQFITDLIKKAVDFFKGLFGNK,0
489,non-CPP_87,LLRHVVKILEKYL,0
490,non-CPP_88,FFGHLYRGITSVVKHVHGLLSG,0
491,non-CPP_89,FLPFLIPALTSLISSL,0
492,non-CPP_90,FIPLVSGLFSRLL,0
493,non-CPP_91,GFFDRIKALTKNVTLELLNTITCKLPVTPP,0
494,non-CPP_92,GAFGDLLKGVAKEAGLKLLNMAQCKLSGNC,0
495,non-CPP_93,GWASSIGSILGKFAKGGAQAFLQPK,0
496,non-CPP_95,GNGVVLTLTHECNLATWTKKLKCC,0
497,non-CPP_96,GLEESPGHPGQPGPPGPPGAPGP,0
498,non-CPP_97,VIVKAIATLSKKLL,0
499,non-CPP_98,INLKAIAALARNY,0
500,non-CPP_99,KLSPSLGPVSKGKLLAGQR,0
501,non-CPP_100,LFAKINGLKVGPLKIQIV,0
502,non-CPP_101,AIFIFIRWLLKLGHHGRAPP,0
503,non-CPP_102,FIGAVAGLLSKIF,0
504,non-CPP_103,EWKLPDLIINHITLTRRNCNKYRCG,0
505,non-CPP_104,MWITNGGVANWYFVLAR,0
506,non-CPP_105,FIGALLGPLLNLLK,0
507,non-CPP_107,KKLFKKILKYL,0
508,non-CPP_108,YQLLQELCCQHL,0
509,non-CPP_109,YCNGKRVCVCRG,0
510,non-CPP_111,GGTYSCHFGPLTWVCKPQGG,0
511,non-CPP_112,GRVRDQIMLSLGG,0
512,non-CPP_113,MTPPPLPARVDFSLAGALN,0
513,non-CPP_114,HLPPPVHLPPPV,0
514,non-CPP_115,PPPPGGPQPRPPQG,0
515,non-CPP_116,RYDWWPYGNLFGGHTFISP,0
516,non-CPP_117,YGGFLRRIRFARKLANQ,0
517,non-CPP_118,AEPGADDAEEVEQKQLQ,0
518,non-CPP_119,KKAVRRQEAVDAL,0
519,non-CPP_120,FLPLAIGLLGKLFG,0
520,non-CPP_121,IKIMDILAKLGKVLAHVG,0
521,non-CPP_122,KIHPFAQTQSLVYP,0
522,non-CPP_123,FVQWFSKFLGRILG,0
523,non-CPP_124,GLFDIVKKVVGTIAGLG,0
524,non-CPP_126,GWMSKIASGIGTFLSGIGQQG,0
525,non-CPP_128,WQIPEQSQCQAI,0
526,non-CPP_129,QYPLGQGSFRPS,0
527,non-CPP_130,ALQTLPAMCNVY,0
528,non-CPP_131,IPPYCTIAPFGI,0
529,non-CPP_132,QPFPQPQQPFPQSQ,0
530,non-CPP_134,PLVQQQFLGQQQPFPPQ,0
531,non-CPP_136,WEAKLAKALAKALAKHLAKALKAKALCEA,0
532,non-CPP_137,ARHPHPHLSFM,0
533,non-CPP_138,RELEELNVPGEIVESLSSSEESITRINK,0
534,non-CPP_139,AIEWEGIESGSVEQA,0
535,non-CPP_140,LEELEEELEGCE,0
536,non-CPP_141,LKKISQYYQKFAWPQYL,0
537,non-CPP_142,LNENLLRFFVAPFPEVFG,0
538,non-CPP_143,PACGGFWISGRPG,0
539,non-CPP_144,TPVVNPPFLQQT,0
540,non-CPP_145,SAATNAVHRCCLTGCTQQDLLGLCPH,0
541,non-CPP_146,DSLSFSYNNFEEDD,0
542,non-CPP_147,DTHISEKIIDCNDIG,0
543,non-CPP_148,FLPMLAKLLSGFLGK,0
544,non-CPP_149,FIGPLISALASLFKG,0
545,non-CPP_150,SDRPTRAMDSPLIRF,0
546,non-CPP_151,PFSLIPHAIGGLISAIK,0
547,non-CPP_152,SLSYEDKMFDNVEFTPRL,0
548,non-CPP_153,LKLLKKLLKLLKKLGGGK,0
549,non-CPP_154,LKLKDILGKIKVILSHLNK,0
550,non-CPP_155,GIGGKPVQTAFVDNDGIYD,0
551,non-CPP_156,VLSHNNESSYSDTSSCTSQ,0
552,non-CPP_157,NPFKELERAGQRVRDAIIS,0
553,non-CPP_158,RSAVGRHGRRFGLRKHRKH,0
554,non-CPP_160,ACAAHCLLRGNRGGYCNGKG,0
555,non-CPP_161,IIGAIAAALPHVINAIKNTFG,0
556,non-CPP_162,MIASHLAFEKLSKLGSKHTML,0
557,non-CPP_163,GFLDKLKKGASDFANALVNSIKGT,0
558,non-CPP_164,GIGKFLKKAKKGIGAVLKVLTTGL,0
559,non-CPP_165,DNTVTSKPLNCMNYFWKSRTAC,0
560,non-CPP_166,LFGFLIKLIPSLFGALSNIGRNRNQ,0
561,non-CPP_167,ISCQDVKQSLAPCLPYVTGRAPKPA,0
562,non-CPP_168,DTNFPICLFCCKCCKNSSCGLCCIT,0
563,non-CPP_169,ALWKDMLSGIGKLAGQAALGAVKTLV,0
564,non-CPP_170,GWKSVFRKAKKVGKTVGGLALDHYLG,0
565,non-CPP_171,GIGAILKVLATGLPTLISWIKNKRKQ,0
566,non-CPP_172,TTITVVNKCSYTVWPGALPGGGVVLD,0
567,non-CPP_173,AGETHTVMINHAGRGAPKLVVGGKKLS,0
568,non-CPP_174,DLWNSIKDMAAAAGRAALNAVTGMVNQ,0
569,non-CPP_175,GFGMLFKFLAKKVAKKLVSHVAQKQLE,0
570,non-CPP_176,DVLKKIGTVALHAGKAALGAVADTISQ,0
571,non-CPP_177,RDWERREFERRQNELRREQEQRREELL,0
572,non-CPP_178,GLWSKIKDVAAAAGKAALGAVNEALGEQ,0
573,non-CPP_179,RDSLQRGGQKILEKAERIGDRIKDIFRG,0
574,non-CPP_181,MKVFFLFAVLFCLVRRNSVHISHQEARGP,0
575,non-CPP_182,NGVYCTKNKCTVDWAKATTCIAGMSIGGF,0
576,non-CPP_183,TCTLGTCYTAGCSCSWPVCTRNGVPICGE,0
577,non-CPP_195,HADGRYTSDISSYLEGQAAKEFIAWLVNGR,0
578,non-CPP_196,VPSAGDMMVRF,0
579,non-CPP_197,DEATVFGLWPLCSYRMLPF,0
580,non-CPP_204,NPGTPQHLCGSHLVDALYLVCGPTGFFYNP,0
581,non-CPP_205,RSLDASPSSAFSGNHSLS,0
582,non-CPP_206,PVKVYPNGVQEETSEGFPLEF,0
583,non-CPP_207,YGGFLRRQFKVVTRSQEDPNAYSGELFDA,0
584,non-CPP_208,QEADPSSSLEADSTLKDEPRELSNM,0
585,non-CPP_209,SSPETLISDLLMRESTENVPRTRLEDPAMW,0
586,non-CPP_210,GIVEQCCTSICSLYQLENYCN,0
587,non-CPP_211,FVSRHLCGSNLVETLYSVCQDDGFFYIPKD,0
588,non-CPP_212,RMTLSEKCCQVGCIRKDIARLC,0
589,non-CPP_213,SVLTPSLSSLGESLESGIS,0
590,non-CPP_214,LNLKALLAVAKKIL,0
591,non-CPP_215,QGVNDNEEGFFSAR,0
592,non-CPP_216,ADTNAPICLCDEPGVLGR,0
593,non-CPP_217,HSEGTFSNDYSKYLETRRAQDFVQWLKNS,0
594,non-CPP_218,SDEDSDGDRPQASPGLGPGP,0
595,non-CPP_219,RVDSADESNDDGFD,0
596,non-CPP_220,QGTTNIVCECCMKPCTLSELRQYCP,0
597,non-CPP_221,QADPNKFYGLM,0
598,non-CPP_222,QGRLGTQWAVGHLM,0
599,non-CPP_223,APGDRIYVHPF,0
600,non-CPP_224,KPKCGLCRYRCCSGGCSSGKCVNGACDCS,0
601,non-CPP_225,GCCSDPRCRYRC,0
602,non-CPP_226,GCCGSFACRFGCVPCCV,0
603,non-CPP_227,RCCKFPCPDSCRYLCC,0
604,non-CPP_230,ALNSVAYERSVMQDYE,0
605,non-CPP_231,QCCITIPECCRI,0
606,non-CPP_232,DCCHNTQLPFIYKTCPEGCNL,0
607,non-CPP_233,TCCKFQFLNFCCNE,0
608,non-CPP_234,YGGFMKPYTKQSHKPLITLLKHITLKNEQ,0
609,non-CPP_235,QATVGDVNTDRPGLLDLK,0
610,non-CPP_236,AATAATPATAATPATAARA,0
611,non-CPP_237,EEKMGFAKKCCAIGCSTEDFRMVC,0
612,non-CPP_238,KSDLLGALLSRNSPSSYGLPSRDMSTAY,0
613,non-CPP_239,IIDYYDEGEEDRDVGVVDAR,0
614,non-CPP_241,AFDHYGFTGGL,0
615,non-CPP_242,QIDPLGFSGGI,0
616,non-CPP_244,GWTLNSAGYLLGPHAVGNHRSFSDKNGLTS,0
617,non-CPP_246,KPNPERFYAPM,0
618,non-CPP_247,SPANAQITRKRHKINSFVGLM,0
619,non-CPP_248,GCIGRNESQKKDNVYKFKE,0
620,non-CPP_249,AGNLSECFWKYCV,0
621,non-CPP_250,GRGARRYCGRVLADTLAYLCPEMEEVE,0
622,non-CPP_251,YKVDEDLQGAGGIQSRGYFFFRPRN,0
623,non-CPP_252,DDASDRAKKFYGLM,0
624,non-CPP_253,SVNTKNDFMRF,0
625,non-CPP_254,ILGLLKGISALLS,0
626,non-CPP_255,NGVCCGYKLCHPC,0
627,non-CPP_256,CCSQDCLVCIPCCPN,0
628,non-CPP_257,NCPYCVVYCCPPAYCEASGCRPP,0
629,non-CPP_258,CKGKGAPCTRLMYDCCHGSCSSSKGRC,0
630,non-CPP_261,IRDECCSNPACRVNNPHVC,0
631,non-CPP_262,ADDSDPVGGEFLAEGGGVR,0
632,non-CPP_263,INWKAIIEAAKQAL,0
633,non-CPP_264,GCCSTPPCAVLYC,0
634,non-CPP_265,DGCSNAGAFCGIHPGLCCSEICIVWCT,0
635,non-CPP_266,APEESPKRAPSGFLGVR,0
636,non-CPP_267,ALFEESTVSAEPR,0
637,non-CPP_269,EYDDMYTEKRPKVYAFGL,0
638,non-CPP_270,GLFDIIKKVASVVGLASQ,0
639,non-CPP_272,GLVPNLLNNLGL,0
640,non-CPP_273,GNTKKAVPGFYGTR,0
641,non-CPP_274,DHLPHDVYSPRL,0
642,non-CPP_275,SDLTWTYQSPGDPTNSKN,0
643,non-CPP_276,VVNTPGHAVSYHVY,0
644,non-CPP_277,FKAPYNIHWHCKPGLLC,0
645,non-CPP_278,AKKELCTCQQPKHLKYIEKGLQKAKDYAT,0
646,non-CPP_279,GSSGLIPFGRT,0
647,non-CPP_281,NGGTSGLFAFPRV,0
648,non-CPP_282,GSLTGLISMPRT,0
649,non-CPP_283,DSSNLPPNQKQIVD,0
650,non-CPP_284,DVDFNSESTRRKNKQKEIVDLHNSLKKTV,0
651,non-CPP_285,GCCPFPACTHTIICRCC,0
652,non-CPP_286,KCCMRPICMCPCCIGAG,0
653,non-CPP_287,QWAQWPRPTPQIPP,0
654,non-CPP_288,GKCGEINGSCDECYGGSVTCDCY,0
655,non-CPP_289,SCIKHGDFCDGDNDDCQCCRDNGF,0
656,non-CPP_290,TQRLANFLIHSSNNFGAIFSPPN,0
657,non-CPP_291,SYGWAEGDTTDNEYLRF,0
658,non-CPP_292,GVSFHPRLKEKDDNSSGNSRKSNPK,0
659,non-CPP_293,GPGSAICNMACRLEHGHLYPFCNCD,0
660,non-CPP_294,MWHRNRGDGGRPETSSGRRRRLR,0
661,non-CPP_295,MSNRGASLKGLFLAVLLVSNTLLTKEGVT,0
662,non-CPP_296,CHRRDSHKIDNYFKVLKCRLIHDSNC,0
663,non-CPP_297,VPLPAGGGTVLNQDVPARQPLGG,0
664,non-CPP_298,DCCPAKLLCCNP,0
665,non-CPP_299,GPYGGGGLVGALLG,0
666,non-CPP_300,SPMQRSSMVRF,0
667,non-CPP_301,LYISRQGFRPA,0
668,non-CPP_302,SMAMGRLGLRPG,0
669,non-CPP_303,ASEDALFGTMRF,0
670,non-CPP_304,AKWKEDVIKLCSRELVRTQIAICG,0
671,non-CPP_305,CCKVQCESCTPCC,0
672,non-CPP_306,NPELYQMNHFRWGQPPTHFKQ,0
673,non-CPP_307,ALCCYGYRFCCPNFR,0
674,non-CPP_309,RKYVMGHFRWDRFGRRNSSSSGSSGAGQKR,0
675,non-CPP_310,KRGGAQYAPYWQETYLRSRK,0
676,non-CPP_311,VCIADDMPCGFGLFGGPLCCSGWCLFVCL,0
677,non-CPP_312,RGCREGGEFCGTLYEERCCSGWCFFVCV,0
678,non-CPP_313,SYCGSTTRICCGYCAYFGKKCIDYPSN,0
679,non-CPP_314,YIKVLRCRVVFQNEC,0
680,non-CPP_315,SEAAALPRASAAAMRAAWPSPSVERV,0
681,non-CPP_317,VMMVEAGFGTHGCPLLQGTCDSHCRGMDA,0
682,non-CPP_319,GHDFDQDDVNSSGEKDESLVRI,0
683,non-CPP_320,RRCSNRNFVRL,0
684,non-CPP_321,SENPSNSRNFIRL,0
685,non-CPP_322,CTCFTYKDKECVYYCHLDIIWINTP,0
686,non-CPP_323,CCPGWELCCEWDDGW,0
687,non-CPP_324,MTDMWSLKICAWLGFLLLFKP,0
688,non-CPP_325,MSPRPLAWALVL,0
689,non-CPP_326,YGGFIGIRKSARKWNNQ,0
690,non-CPP_327,YLRNPRKNLLKNILADVLARQLQKK,0
691,non-CPP_328,FSETIPAPTSKNEAQQKS,0
692,non-CPP_329,LRTLLELARTQSQRERAEQNRIIFDSVGK,0
693,non-CPP_330,AFDSLAGSGFDNGFN,0
694,non-CPP_331,MYKIQLLSCIALTLALVANGAPTSSSTGNT,0
695,non-CPP_332,GLTPNMNSLFF,0
696,non-CPP_333,LPYPVNCKTECECVMCGLGIICKQCYYQQ,0
697,non-CPP_334,GPRPPGFSPFRGKFHSQS,0
698,non-CPP_335,DGKLYKMTHFRWSEGS,0
699,non-CPP_336,NPRWEFRGKFVGVR,0
700,non-CPP_337,SLLADTQSGHRW,0
701,non-CPP_338,SGTGLSATLPQRF,0
702,non-CPP_339,STDCGGPKTQPLACDHPPLPDILFL,0
703,non-CPP_340,GGAGEPLAFSPDMLSLRF,0
704,non-CPP_341,MGMRLPNIIFL,0
705,non-CPP_342,NSELINSLLGIPKVMTDA,0
706,non-CPP_343,RGPDHRFAFGL,0
707,non-CPP_344,FLGALIKGAIHGGRFIHGMIQNHHG,0
708,non-CPP_345,PDERRQLNKIFLWDFCNSDSI,0
709,non-CPP_346,MNFLLSWVHWTLALLLYLHHAKW,0
710,non-CPP_347,DYDPRTEAPRRLPADDDEVDGEDRV,0
711,non-CPP_348,MHVERRECAYCLTINTTICAGYCMTR,0
712,non-CPP_349,MQKLQISVYIYLFMLIVAGPVDLNENSEQK,0
713,non-CPP_350,IVAVLFLTACQFNAADDSRVRRNAEH,0
714,non-CPP_351,VKRCCDEEECSSACWPCCWG,0
715,non-CPP_352,NWTPQAMLYLKGAQ,0
716,non-CPP_353,MHSSALLCCLVLLT,0
717,non-CPP_354,TAEALRCQENYLPSPCQ,0
718,non-CPP_355,SAGATANLPLRS,0
719,non-CPP_356,MAASPRNSVLLA,0
720,non-CPP_357,DDGVVWMNWKGSWYSMKKMSMKIRPFFPQQ,0
721,non-CPP_358,DGSVDFKKNWIQYKEGFGHLSPTG,0
722,non-CPP_359,VYVPRYIANLY,0
723,non-CPP_360,PAETPNSLDLTFNRRIMDTI,0
724,non-CPP_361,DCLPDWFHYEGHCYRVFDEPKKWADAEKFC,0
725,non-CPP_363,CFKKDMHKVETYL,0
726,non-CPP_364,AAEFPDFYDSEEQMGPHQEA,0
727,non-CPP_365,EEEESRPRKLCGRHLLIEVIKLCGQSDWS,0
728,non-CPP_366,MPPSGLRLLPLLLPLPWLLVLTP,0
729,non-CPP_368,KFDMVAYVSEEDS,0
730,non-CPP_369,KKDGYPVEYDRAY,0
731,non-CPP_370,LAKRADICQPGKTSQRACET,0
732,non-CPP_371,NGARVSDMFRPSGDDFGDYSANWGDF,0
733,non-CPP_372,RCCQTFYWCCVQ,0
734,non-CPP_373,MKVSAAALAVILIATALCA,0
735,non-CPP_374,VVCNYRDVRFESIRLPGGPRGVNPVVSY,0
736,non-CPP_375,MKLNGGKSLDPTGLY,0
737,non-CPP_376,MRTWACLLLLGCGYLAFALAV,0
738,non-CPP_377,RPWCHPINAILAVEKVVCTYRDVRFESIRL,0
739,non-CPP_378,AADHDVGSELPPEGVLGALLRV,0
740,non-CPP_379,LETPAPQVPARRLLPP,0
741,non-CPP_380,TMKLCGRKLPETLSKLCVY,0
742,non-CPP_381,RRKMCGEALIQALDVICVNGFT,0
743,non-CPP_382,EPTWNNLKGMW,0
744,non-CPP_383,FLGRVLPPTRATASTHRSRL,0
745,non-CPP_384,LLTNAAESRGIPSIII,0
746,non-CPP_385,AIGYLAARLAKLGVEDQLVRVGAVAGSTVV,0
747,non-CPP_386,QQTTALPTWGLAPSGKGRGLQHPPPVGSQE,0
748,non-CPP_387,KLPWTEFAESAEDGPTTRFCQKLAKNHDMVVVS,0
749,non-CPP_390,MTAVNDFLTPRSIAVNAINQTHAKVV,0
750,non-CPP_391,SQGQRISALRAIGASAPELPR,0
751,non-CPP_392,DAKLIMIDPKMLELSIYEGIPHLLCPVVT,0
752,non-CPP_393,GKYNLSLLSTEEEIEIIKLLAAWTKTLEASVKYF,0
753,non-CPP_394,ARNPIHLAAPALAE,0
754,non-CPP_396,SGWNAYIDTMTAAAP,0
755,non-CPP_397,ESGGPEPGVGCAGRGVITSITYLEEAGAYENLD,0
756,non-CPP_398,GGYRPQFYFRTTDVTGIIQLPEGVEMVMPGDN,0
757,non-CPP_399,STVKPIVIMEALK,0
758,non-CPP_401,TPAPTPVPEHPMVP,0
759,non-CPP_402,VGYLSASIEWAWRTGDPEAWRKWWNDP,0
760,non-CPP_404,PATRTLISYVLKFQILKA,0
761,non-CPP_405,YPYILLTKERHPRITSHRGSKKV,0
762,non-CPP_407,PKIACSQGWYDLW,0
763,non-CPP_408,DSEEAIRYRQEVYVRETSPLIEVYRERGLLVEV,0
764,non-CPP_409,ENIMKKPKEPEPSFPSF,0
765,non-CPP_410,TGPSPAPPYGLFVGGRFQSPGTQSSR,0
766,non-CPP_411,MRHRNRVKKLGK,0
767,non-CPP_412,DKEVLKGYFKESRLAYDLAYGFLTPFLS,0
768,non-CPP_413,GLLSTAAGVQRASAKSTLAIV,0
769,non-CPP_414,ESCTLFEEMFVPFPMRSQRNQAG,0
770,non-CPP_415,VSEEEREELVAQFNTILDYFQQLDEVDTEGVEP,0
771,non-CPP_416,VTVNISSPNTKNLRQL,0
772,non-CPP_417,APPPPAPCFSQVAS,0
773,non-CPP_418,DATKQADIIHILIPDMIQGQVYKDEIGPNLSEGK,0
774,non-CPP_419,LLMTVFKTAPLLIAALAASSCGGGGSG,0
775,non-CPP_421,EAQKTSPSLCPESQASGPPVLEPQGAG,0
776,non-CPP_422,VLTGMGADGREGARMLKAAGATIWA,0
777,non-CPP_424,VGGSAYDAHGVAISDADMEKALAADA,0
778,non-CPP_426,AFHFILPFIITALVIVHLLFLHETGSNNPS,0
779,non-CPP_427,ADTIYPFTQAENVWLPNKNDIIEK,0
780,non-CPP_428,MRHLLGQSLTMYKVPELIFKRDQSV,0
781,non-CPP_429,GQLELFSKMSR,0
782,non-CPP_431,NMFNQLVRKYLRQGYYGNKVILGHHPDN,0
783,non-CPP_432,LFIGWGSQSSKVQIHHNTWLHFPGHNLRWIL,0
784,non-CPP_433,PTRKLLAKNLATLYSIGDTFTVF,0
785,non-CPP_434,AKGQRVGIFSGSGVGKSTLLGMIAKN,0
786,non-CPP_435,KQSVQDGYFVGPRGSIGSSLVANLIGI,0
787,non-CPP_436,VEFTVQGNPLEHHPT,0
788,non-CPP_437,TPLNLAVNWRCE,0
789,non-CPP_438,SLDHLRREFAKETGIIPKGVYDFVWVVDW,0
790,non-CPP_439,NKIEITSIDECFIDATD,0
791,non-CPP_440,ALVKSALEPGFLVLVNDSNGYHVLQSCLE,0
792,non-CPP_441,KFKEINEAYQILSDSQKKQ,0
793,non-CPP_442,PPAEPFLLNVNIP,0
794,non-CPP_444,RRTNQILTKYLPVKFE,0
795,non-CPP_446,SQSGNPVMSTVAFLASVVDP,0
796,non-CPP_447,FLIDRMGMTYVLALTGGIATG,0
797,non-CPP_448,VFSLAGPVVSMAGHGEQ,0
798,non-CPP_449,AREVMDEIEARMQQASGELRFEEA,0
799,non-CPP_451,CEYLSNVVTDGNVIKHDASIDEDSAVEIVRVEL,0
800,non-CPP_452,INVPLRDAKASSRKRRADTAVS,0
801,non-CPP_453,DCSTFLRTSETGIVDQVMVTLNQEGYKFCKIRVR,0
802,non-CPP_454,VWTLTVYSIWMSVEDHIGY,0
803,non-CPP_455,IKQIIQRITWVNP,0
804,non-CPP_456,PVADIKAIVTGKDCPHMKEKSA,0
805,non-CPP_457,GGVNLAQKFVKNNRCQQANVGTPQPGSHGSVRT,0
806,non-CPP_458,KFIQGTIAENAPIIPISAQMKYNIDVI,0
807,non-CPP_459,AILDIRSIDEQEDKPLKVEGVEVVSLPF,0
808,non-CPP_461,QVRERVFQQALQGA,0
809,non-CPP_462,KRIHEYKRQLLNCLHV,0
810,non-CPP_463,IFDQMFCSIYFHTLRYEGPFTPPSLKGSL,0
811,non-CPP_465,ASEEKLEQVLSSMKEN,0
812,non-CPP_467,ALEACGAPVERLQIEAGGPAWYHPG,0
813,non-CPP_468,YGKPMEPEKIPDIIFIDGGRGQLSRAYNV,0
814,non-CPP_469,LKKYWDNGMTSLGSVCREKIEAVAT,0
815,non-CPP_472,GKPRFVHTLNGSGT,0
816,non-CPP_473,SALLAEEDIPHNLLN,0
817,non-CPP_474,LAKQELVKILQPG,0
818,non-CPP_475,PVVLMTKKRDGTLAPYS,0
819,non-CPP_476,ERGLLHSSQLPLDVYDLTMP,0
820,non-CPP_477,DDGYSYVDLNRQGTPLVEIV,0
821,non-CPP_478,SLDELAAASAASTEAALDALLEQPPVEEAFV,0
822,non-CPP_479,MITGAAQMDGAILVVSGADGP,0
823,non-CPP_480,KEECECTARRPRIPREL,0
824,non-CPP_481,RAKEAAEEPSH,0
825,non-CPP_482,KALLIKQNLKEGITVDQQDLFAYEKYKLLEFYAW,0
826,non-CPP_483,ADLEKLTGKQVQLNILEV,0
827,non-CPP_488,TIILDTKNRREEVMAKYEILYIIRPNIEEEA,0
828,non-CPP_489,ADVPVFYLPYFNFP,0
829,non-CPP_491,NKSMKTLRLNNVTLEMAAYQEESEPKR,0
830,non-CPP_494,VVKKLMTEFNYNSVMQVPRVEKITLN,0
831,non-CPP_495,LNGNELERLAVGGDRVRKLSRR,0
832,non-CPP_496,HFNLMNSRTIADNVAFPLKGLKSKQAIQKKV,0
833,non-CPP_497,VASDSEYSAECESLFHSTVVDTSEDEQSNYTTN,0
834,non-CPP_498,PEEELEGSSEPEEWCPPMPERSHLTE,0
835,non-CPP_499,TGVDNLFYIDKFQVREVKMETLLAG,0
836,non-CPP_501,YFDDDDMWNKAENMLKEAADELGLSYEEA,0
837,non-CPP_502,FVEVETPTLTRSTPEGARDFLVPSRLQPGSF,0
838,non-CPP_503,RFVQAGSEVSALLGR,0
839,non-CPP_506,GRVVELSQEHLPGIGGAVWSDSRCQLTVGD,0
840,non-CPP_507,YEKALHSFIIHEDPSLNYISALKETAKE,0
841,non-CPP_509,APNVGALHNVLGRLRTAGKYHWVKD,0
842,non-CPP_511,YPFIKITNERHPKLIVTRHVKKDKGKYFGP,0
843,non-CPP_512,PSKVVPLEERMKIASQLFLSGFEDSYRNY,0
844,non-CPP_513,QVRQATNQIVMNCADIDIIT,0
845,non-CPP_514,PYEENLNYLIDHISKYHFRDGFRH,0
846,non-CPP_515,AVHYTANINLAFSSII,0
847,non-CPP_516,KTKRLRYKEGKTSS,0
848,non-CPP_517,ILPEGFELAPP,0
849,non-CPP_519,PSSTASSSLTSSPCSSPVLTKRLLGSSAS,0
850,non-CPP_520,EIDELVGLVNERGKVTLSYASIEEI,0
851,non-CPP_524,IATLEIKLLMLHNQQKTAAPPQSLLDVLFSM,0
852,non-CPP_525,VDKLADTVKTTIGPKGRNVVLEQSYGNP,0
853,non-CPP_526,RDAQAFAAGHITGARHLDNHSVADFIRGA,0
854,non-CPP_527,VTLLLAYRSPLCRDTKPMYRP,0
855,non-CPP_528,AAPGGKTTHILEVAPEAQVV,0
856,non-CPP_529,KLEVANDALGALRLKLGKELNLIDESL,0
857,non-CPP_530,AGTYAPLPDSFSSEFK,0
858,non-CPP_532,RPSGAEKPYICNECGKSFSQWSKLL,0
859,non-CPP_534,LIRLMLMEAPSQRPNICQVLEEVSRLQN,0
860,non-CPP_535,VAMAFVRGLARRDTG,0
861,non-CPP_536,VYDEDGIAHALPESMLPLELPEVEDY,0
862,non-CPP_537,KGLLNLTEKTKKPLVICSTGFSDEDLA,0
863,non-CPP_538,AVTPPPKPETPQIFEYQ,0
864,non-CPP_539,ESLYPGKGIKNAGREVEVIYV,0
865,non-CPP_540,PAKGSVGASGDLAPLAHLSLTL,0
866,non-CPP_541,REGSWDLGVEWFPMLENPVKTQISV,0
867,non-CPP_542,TSSNYDDDEKKVTGGRNGYGAKLCNIFS,0
868,non-CPP_543,SDSRVIIFTELRESA,0
869,non-CPP_544,ELQLRGAAISLSG,0
870,non-CPP_545,FNCFLELPEVLHGKKFLKVDEATREDMLMS,0
871,non-CPP_546,IPDHAFAVKTLLEKLTSHEIIQSLDEIE,0
872,non-CPP_549,TTLFWLGAIGMLVGTLA,0
873,non-CPP_551,LLFLDEAARLDAKSISTLFELCDRLDM,0
874,non-CPP_552,EDKVVQPTFLLEHPVEISPLAK,0
875,non-CPP_553,GGVPQDLSRRDFTAALRRLSQRGLDGRTLARK,0
876,non-CPP_554,IAPTYSCIALQDLMAKLETG,0
877,non-CPP_556,ATLGNLALPFLARNT,0
878,non-CPP_557,SKDLREASDIGGQGS,0
879,non-CPP_558,ELAITATCVRVPVLRAH,0
880,non-CPP_559,EKEGVHRFSLVTSGKSVSDEEFEKILGI,0
881,non-CPP_560,PLQTYKELIKLYQAEEVSFKY,0
882,non-CPP_561,HVPLSPRTLNAWVKLVEEKKFGAEVVPGF,0
883,non-CPP_562,LDTYPAWARVSNITDQAMVAPW,0
884,non-CPP_563,GSDRVSNSDFVTM,0
885,non-CPP_564,PAHAKISDDSKETIQECVSEYISFITGE,0
886,non-CPP_565,SGGDLPLADLAASFEQVVADVLVERA,0
887,non-CPP_566,WKSMFGSLDPPNMPQA,0
888,non-CPP_567,SDCGIVNVNIPTSGAEIGGAFGGEKH,0
889,non-CPP_568,HHSIAYKFRKKFVMTKIEDIFVTVGRTGLITY,0
890,non-CPP_570,APLVSRATVHVRLLDRNDNPPVLGNF,0
891,non-CPP_571,QAKKSITYLNRGPTTFYSVAYSEHSSFNELR,0
892,non-CPP_573,SDLLFYEGLHGAVVTDKVNVAQYA,0
893,non-CPP_574,ANAATYTTGLTAASFTS,0
894,non-CPP_575,TFSLPRSLLDSMTVAVD,0
895,non-CPP_576,WSALLEKAYAKVNGSYESLSGG,0
896,non-CPP_579,AEALQQALEEQWAKKVRLAWRVRSD,0
897,non-CPP_580,QSYYSSQEYDAIHGTLEK,0
898,non-CPP_581,CVADLLSKESGKKEITLLTTSGSLKSKILGNNLV,0
899,non-CPP_583,ILWILVLNAIVGVWQESNAEKALEALK,0
900,non-CPP_584,GALSEKERKLYDLIAKR,0
901,non-CPP_585,EVGRALANLTDATTIIGGGDSTAAAK,0
902,non-CPP_588,ELGQPMHAFDLET,0
903,non-CPP_589,IVISKTDSNFDWWEGKLRGQTGIFP,0
904,non-CPP_590,QVHIWRRSYDISPPDLDPQDPNSAHN,0
905,non-CPP_591,IKNGALANLVREIEM,0
906,non-CPP_592,DFIDWVDNMWPR,0
907,non-CPP_594,KLKKKPFNRYPECQPSKLISSYAHYVNLSC,0
908,non-CPP_595,TTYKYEMINKQNEQMHALLA,0
909,non-CPP_596,YSDFHFIDERGESIIVESGDP,0
910,non-CPP_597,GIPIAGEEEVKV,0
911,non-CPP_598,PFFAFHDRDIAPEGSTLKETNQNLDIIVGMI,0
912,non-CPP_599,ARSILSKSSSKGGSSN,0
913,non-CPP_600,HSEYSYSFPDISSEMMIR,0
914,non-CPP_601,NAGSPQMLDQVGRAAPGHPVWI,0
915,non-CPP_602,QLGVQALSIANQSS,0
916,non-CPP_603,ELQPKASFLCAEVVRLGRTAAGETLNEGA,0
917,non-CPP_604,YFYSYKVVKGVKKYFSFSQSNGYK,0
918,non-CPP_605,FGAYPVAAKARAGGGPTLQCPPPSSPEKAAS,0
919,non-CPP_609,VDKFFIYVIED,0
920,non-CPP_610,PVPSLNVLNGGKH,0
921,non-CPP_611,VCYDPEREGVYDESNIHELRTIKLNDLDIN,0
922,non-CPP_612,DTVIMASVFVHPTAQDYNKIYRFN,0
923,non-CPP_615,PADWRGCKPSCPWGSSSWCNEECT,0
924,non-CPP_617,NIDEQPRPLTDSHR,0
925,non-CPP_618,ETRRKRMACQVFFLNYYISTIEYH,0
926,non-CPP_620,APYQRDNFILRQ,0
927,non-CPP_622,GYNPMQDPNFHTMGQ,0
928,non-CPP_623,ARAVLYLAQGTFGECDSEVDVLHWSRYN,0
929,non-CPP_624,AKYIADLDTFF,0
930,non-CPP_625,GTSNEEAGLPQRRPLRQSSKQVKARLPIDSKGG,0
931,non-CPP_626,ILSDSYNPDICVA,0
932,non-CPP_627,PTEVRMGKGKGAVDYWAARVKPGRIM,0
933,non-CPP_629,RSPAILYNSGGQVAKFHYEWNDPKKL,0
934,non-CPP_630,ILHTLNLPLDMLAPYLDAKL,0
935,non-CPP_631,LFIALVNQTLIMFGKPVLPVAEDQ,0
936,non-CPP_632,TPLEAIASSLTELFAPNLHE,0
937,non-CPP_634,DINKVDEKVVGTILRIKVSG,0
938,non-CPP_635,FTELEPEDLLKFGLIPEFVGRLPV,0
939,non-CPP_636,GLCPLLAVTATVTNA,0
940,non-CPP_637,SELCKLYDYCP,0
941,non-CPP_640,SLYNALGIYLPLITVNCAIMAGSL,0
942,non-CPP_642,SRKLLRVEVDIGEEKPRQLVAGMASYYTS,0
943,non-CPP_643,NKKNPRFKQRQGMRSRSSS,0
944,non-CPP_644,SRLPAGSDESWTQKLYQTLDKPPTNKVFS,0
945,non-CPP_645,SRLSELSKVQISELS,0
946,non-CPP_647,APYVGAVVMPGGAGQSRSELDEWTTFARSRGAKG,0
947,non-CPP_648,PEGHELCRPEAVEAEATLRAITIASA,0
948,non-CPP_650,HVRGVAMNPVDHPHGGGEGRT,0
949,non-CPP_652,GSSSMATVCGSSLALMHAGVP,0
950,non-CPP_653,RGKQLHAAVHSLQSFDRAMDQFLAFLSETETLC,0
951,non-CPP_654,RDVLGGTALPQIQ,0
952,non-CPP_655,YLREYKLVVVGDGGVGKS,0
953,non-CPP_656,KLVEQKTPEVWECLEEVVKQHPVLLNRAPTLH,0
954,non-CPP_657,IDFDGPLEVDQ,0
955,non-CPP_658,DMTTKFMTDPVRVLVKRDELTLEGIKQYFIAVEK,0
956,non-CPP_659,GKNVKPQIHENFDGN,0
957,non-CPP_663,LQFGTEPFTGGPATLSVSNW,0
958,non-CPP_664,PERGLWENIAYLDFRCHPADTKVIVKGKGV,0
959,non-CPP_668,VELQDKVDSLDKDIKFLKCLY,0
960,non-CPP_669,VIAEDDLVDSCKPGDRV,0
961,non-CPP_670,DDLGHKVEKLLFDLFSGKRSGSPDIDKKINQAC,0
962,non-CPP_671,LAKATGAKIVT,0
963,non-CPP_672,ILLILLCIATVFLSVGGTALYCT,0
964,non-CPP_674,ERVMKSRHRMA,0
965,non-CPP_676,AHGVPVGGELDYLDEGTLAAALRARTVIM,0
966,non-CPP_677,RTQNWTNSFGSSNAGNGSTT,0
967,non-CPP_678,PTTPSTPAKSAQSSKHARRPSKQASAPSSPGTTS,0
968,non-CPP_679,DFPIFRNQKDPYIYLDSAATTHKPQCVIDAVTDY,0
969,non-CPP_682,TKGEVREAVDQVLETLDKGEARVAE,0
970,non-CPP_683,LLGKSFIGSLELFSLVNHLFNFFR,0
971,non-CPP_684,SGRWTQETCLPTIYKVFPT,0
972,non-CPP_685,NEVRCADPEAAEEMR,0
973,non-CPP_686,EMGVTVAKEGIDTYSFKA,0
974,non-CPP_687,IVFYLLGSWFLS,0
975,non-CPP_688,RRLVDVFQRWGYEYVITPMIEFTD,0
976,non-CPP_689,KEASKATQLPWFAIGGI,0
977,non-CPP_690,LSITEWRPVTGAVPPMSEAEWQ,0
978,non-CPP_691,VDMGKPSFNPADIL,0
979,non-CPP_693,EGVMDRIVSQLLAELDGMSGGDGGDG,0
980,non-CPP_694,AFTGELPNGDQYYGFPAENDALKIGKHNGGQV,0
981,non-CPP_695,VIKKILGRIECPKG,0
982,non-CPP_696,EGHNLQEHSVVLIRGGRVKDLPGVRYHVVRGTL,0
983,non-CPP_697,TTVAEICQFVKPATH,0
984,non-CPP_698,NSYLDELTGRP,0
985,non-CPP_699,PRRSDAPQLRDEYRTYKLLAGCTGIPNVYY,0
986,non-CPP_700,IIKDRQYTAKADSVARRSCQTALYHIAEALV,0
987,non-CPP_701,SYLIGSIPFGLLFTRLAKLGD,0
988,non-CPP_702,YKMFMVAAPKVPVKRGCIDACPKNSLLVKY,0
989,non-CPP_703,ARLRITLSATHDDDALDALL,0
990,non-CPP_706,LDAIDSRSQSKKLGKETPHDYLIT,0
991,non-CPP_708,LHHRGNASGLGAG,0
992,non-CPP_711,EVLQDSLDRCYSTQSMYFELPDSFQHYR,0
993,non-CPP_712,TQYNNQPAADAFRKQLEKNGIASYLHY,0
994,non-CPP_713,LAAAAAAKAARLAEKAMQASIESTGNL,0
995,non-CPP_714,TRSEMESILESMYKLV,0
996,non-CPP_717,ANEQRKTIYKFRQELLNPEYDIASK,0
997,non-CPP_718,AYLSEGGELAALMFMNWVGIKV,0
998,non-CPP_719,QESDGKVRSFIVPFSNLAPLMRVGHLRYQLA,0
999,non-CPP_720,RIVYVCSSLLAVLLTV,0
1000,non-CPP_722,INGNTGSLTANPDCVINRKLSWLQYQQG,0
1001,non-CPP_723,GFMFAPKFHPAMRYAGPVRREIGIRTIFNV,0
1002,non-CPP_724,LIIAEERVAACMADF,0
1003,non-CPP_725,GDFAGPNGCPRRRGRQTYT,0
1004,non-CPP_726,PETSVLVLRKPGINVASDWSIHLRMADVAGTSNR,0
1005,non-CPP_727,IIERNITEIVYLNNTTIEKEICPEV,0
1006,non-CPP_728,EVRAGDIAAAVGLKEATTGDTLCDPGKVII,0
1007,non-CPP_729,PCAKEVMGPLRWTRLSIRRYDEQFSS,0
1008,non-CPP_731,IDQVFSHIKWIEWI,0
1009,non-CPP_732,RERKVRGLQLRLLFLVGTASNP,0
1010,non-CPP_733,GTTPGYSYSAANKNMAVIWGENTLYDYL,0
1011,non-CPP_734,VTGPLIIAVNKTDRMDEKAELIPHLQW,0
1012,non-CPP_736,IESYLNIPKEGNSKINF,0
1013,non-CPP_737,LLVQYILPLVCLTVSHTS,0
1014,non-CPP_738,RGKLPILAGGT,0
1015,non-CPP_739,EIEAPQAVLPN,0
1016,non-CPP_740,KLVGQHNVANVLVVLALLTCAGIDYRKGLSALKS,0
1017,non-CPP_742,PEIFAASDRFGTILENVI,0
1018,non-CPP_744,SELQLERVNVYYN,0
1019,non-CPP_745,DGGVHSHINHLCGLIEWAA,0
1020,non-CPP_746,VVDPGVIPRNLHQMPPVDPSQDPLAIGPPT,0
1021,non-CPP_747,GPSPTRRSQSEHQRLK,0
1022,non-CPP_748,EYGFKTYAVLGGATG,0
1023,non-CPP_749,VVLPYRDRLQVFS,0
1024,non-CPP_750,LRPVMDNQNIRIRLKAYDHRVLDNSTKEIVNTA,0
1025,non-CPP_751,LSKFKDKIKISYEKEVKKEEMKYFKFLI,0
1026,non-CPP_752,CNGEISERVKDARALATC,0
1027,non-CPP_754,LHMEDSLKHRVVGQDH,0
1028,non-CPP_755,IPFVLNLDSPDSMYYGHDMFPNRMYRRLHS,0
1029,non-CPP_756,AKEVKPDDEEVLLKAAMTAIT,0
1030,non-CPP_757,KFLWDVGHQSYVHKILTGRAKEFGTLRQYQGLCG,0
1031,non-CPP_758,RPIPRPQAPRPGAPRPGAP,0
1032,non-CPP_760,RSKRTLGLGSLYGENDLLGL,0
1033,non-CPP_761,VKLYSFNLGGLFFLCCTSLGVYTV,0
1034,non-CPP_762,RRLAAGIDLGTTNSLVATVRSGQA,0
1035,non-CPP_763,SGKGSIQFAGQPLEAWSATKLALHRAYL,0
1036,non-CPP_764,PEVLEGASPTPASDVYS,0
1037,non-CPP_765,QRTIAMAKQMFRAL,0
1038,non-CPP_766,ADDDIPFMSDYDETALVCDN,0
1039,non-CPP_768,KTSGDPIRRRNFVDKEDD,0
1040,non-CPP_770,LSADEATARKVGARHGSPVILTVKAQEMAKR,0
1041,non-CPP_771,YLLSVLQFINVMITLYQSIYDLPFHSIWWLF,0
1042,non-CPP_772,WKRRFVQDATVAEM,0
1043,non-CPP_773,LQQQECKLLYSRKEGQRQENKN,0
1044,non-CPP_774,YISPEVLKSQGGDGYYGRE,0
1045,non-CPP_775,FCPLLMSFLITQKTSETLTAVLAGGWLGLI,0
1046,non-CPP_776,PLLEEYYDPMYRYQL,0
1047,non-CPP_777,LRGDTNVGWLHDNNIHIWDEWADENGDLG,0
1048,non-CPP_778,KQVFSKTSGEFLRVAHREHTSHGYLARVISS,0
1049,non-CPP_779,DQLAAADKKDSNLIGQFGVGFYS,0
1050,non-CPP_780,ATIDAVDVAVDELRQVIEQAGYRATAHAESAVE,0
1051,non-CPP_785,DELDRDGKLPSWLLRADSVAQEITHIDFNRLG,0
1052,non-CPP_786,DSNGAAANAVRLSLDSITQRWDNLVARIE,0
1053,non-CPP_789,AREENLGITKDFLTFMKRLFCNPIYMLFIL,0
1054,non-CPP_790,CSSCFCLCCPRHRPVSRLAAVVGGAAAV,0
1055,non-CPP_791,SSASALGRRAGPLDGLIGEIDRALRVLSG,0
1056,non-CPP_793,SYCGHGIHKLFHTAPNVPHYAKNKAVGVM,0
1057,non-CPP_794,IAINGVVRFVGAPSREELFEAINDEMEMVHAEA,0
1058,non-CPP_798,MDLGELVGMTPEIIQKL,0
1059,non-CPP_799,ITLNFLMNLLKTQLKGDRVLAGKEAV,0
1060,non-CPP_800,SAMRLCLPSFDKLELLECI,0
1061,non-CPP_801,LGQHPIPAELGRILVDKLGLDESAVPVLAA,0
1062,non-CPP_803,LNDALSQLVGQQV,0
1063,non-CPP_804,GGQMPLYRRLPKFGFTSRKAMIT,0
1064,non-CPP_805,LEVKIPAGINEGQRIALR,0
1065,non-CPP_807,PISSSSNVTEAIQTNITSVAAVAPSPPP,0
1066,non-CPP_809,VGYPLLWSPSPEEEA,0
1067,non-CPP_810,YFTTVGRALSSNLVPLWDSATGKAASFVTSFSF,0
1068,non-CPP_811,TFTDYVDRFNSV,0
1069,non-CPP_812,VALQQKQRSALFVAQMAKSLGAQGAIVAEEGYGN,0
1070,non-CPP_813,SVTILNNHLTLASMMPIVLLVFAA,0
1071,non-CPP_815,DISEAPIGPRSVVATSPDKLGECQWELE,0
1072,non-CPP_816,DQKIDVVAAAEAR,0
1073,non-CPP_817,CRRALKETGLNRLVVAG,0
1074,non-CPP_818,QASPPAAADHSRTPS,0
1075,non-CPP_819,ALFSFVLPDNVDVDDQRRKT,0
1076,non-CPP_820,LGAGGIREIEF,0
1077,non-CPP_821,ADASAGPAMTAEQCAQAIANGREV,0
1078,non-CPP_822,GKYRIIDFALSNCLNSGIRRI,0
1079,non-CPP_823,FFNDLVEFMTSGPVVVMVLEGENAVAKNRELM,0
1080,non-CPP_824,AYGGVPVIITSGY,0
1081,non-CPP_825,GDRDGNPYVTAQVTKEVLDHGRWMALDLYGRDL,0
1082,non-CPP_827,VQGKALSYNNIADTDAALECVKEF,0
1083,non-CPP_829,VFDKYHLLPRHISQLYEMFLEG,0
1084,non-CPP_830,MMDDGTEPNVATVL,0
1085,non-CPP_831,TRGSTDDISIVIIQLQQFSRMSREEDEKLLFP,0
1086,non-CPP_832,KKHTLGEVWVQKTSEMNTD,0
1087,non-CPP_833,PAEMPTINQLIAKPRVLQK,0
1088,non-CPP_834,SYGIDKETTIHLTLKVVKPSDEELPLFLVE,0
1089,non-CPP_835,QLASILYFTLIIVLMPLAGMLEDNM,0
1090,non-CPP_836,AGFGDDAPRAVF,0
1091,non-CPP_837,RETGAAAVKIEGGVEIAQTIRRIVDAGIP,0
1092,non-CPP_838,MTAIYLEKEFGMPYVSITPMGIADI,0
1093,non-CPP_839,TILVHSAWAKE,0
1094,non-CPP_840,IGSIDNEKNGVNKAYDLPFYC,0
1095,non-CPP_841,MHQEYLQGLATNAGHPMSLTHHQWLPNPASDW,0
1096,non-CPP_842,AYVNKIKRNKISLNHSSTHLLHYAINC,0
1097,non-CPP_844,VFTFFLQLEGFTLGVKDILVTDVADRK,0
1098,non-CPP_846,RDGLFCARIFGPTKDYECLCGKYKRMKYKGII,0
1099,non-CPP_847,IGCSRGRFGLQCKQNCTCPGLEFSD,0
1100,non-CPP_848,KNRRTGDAVEVHIDNLQETIQSIYASFESMS,0
1101,non-CPP_849,PDWRFMESKEKDRQVLEDFPTISLEFRNLAEK,0
1102,non-CPP_850,DFHAVIGQETRAQA,0
1103,non-CPP_851,EIELIPCSRVGHIFRNDNPYSFPKDRMKTVER,0
1104,non-CPP_852,EDMAPAGAGALMAMLEKRRAAL,0
1105,non-CPP_853,GTSNVHLARQLDLKPLGTMAHE,0
1106,non-CPP_854,PQDELVELLWRDGQVVLQSQ,0
1107,non-CPP_856,RMETSTVLKDLKPETEYVVNVYSVVEDEYSEP,0
1108,non-CPP_857,KRDYNADIVADIRKVKRGDTCPRCKK,0
1109,non-CPP_858,NFSQYFFSFWTQPQRIR,0
1110,non-CPP_859,ATGKPHTLWVA,0
1111,non-CPP_860,SLVADNCVTLVWRMPDEDSKIDHYVLEYRRTNFE,0
1112,non-CPP_861,VLGRITDWRQCHDRVLS,0
1113,non-CPP_862,ANQYFGTAPFYRKRKAFETPSSGKMTHVRFDYSK,0
1114,non-CPP_864,AEVGTLITALGCGIGREEYNPDKLRYHKIV,0
1115,non-CPP_865,NSASIAAILTIIGY,0
1116,non-CPP_866,GYATNLLTYANNIHTYEGGTHE,0
1117,non-CPP_867,EGVEMVKKNLEKWL,0
1118,non-CPP_868,LNGQRKNSRDRNSKRQTELEQPKPRTDSKNENH,0
1119,non-CPP_869,EKLLGQLRTDLTMNKIIVGLSGGVDSSTAAAILH,0
1120,non-CPP_870,AYGRAKNKPFESGVDSVGNARLRFSAKFYLVAMF,0
1121,non-CPP_871,IRIGLALNCSITPWGRFA,0
1122,non-CPP_872,TLFVPQHILMTSAPNTITVLELERAPCSSDGPE,0
1123,non-CPP_876,AHQIEPICIGSLETPTSTANVVLCMAKPLSISS,0
1124,non-CPP_877,LHEAVMLEIYRQALSASELTSPR,0
1125,non-CPP_878,VLDHMSGVDFKRFMHMSE,0
1126,non-CPP_879,RELAKAEKLSLEEGGKDARGLLSGLRRRKRPLSW,0
1127,non-CPP_880,KIITMAAKEGGLDPDMNPKLRTAILNAKAQNMP,0
1128,non-CPP_881,TGIEDKEAWHGKPLPKNMAE,0
1129,non-CPP_883,DTNKSKVTVRIGAENPL,0
1130,non-CPP_884,KSGQYFLPQFNTRKISIENY,0
1131,non-CPP_885,MVRVAGIKAQVREGITERSPDGL,0
1132,non-CPP_886,EKVYPGLLAASVEWFRNYKIPAG,0
1133,non-CPP_887,MMVIRSLSLIRLEGVEGR,0
1134,non-CPP_888,DGQITPNEAFQNAL,0
1135,non-CPP_889,PPVGVQAVALTHEAVRVSWADNSVPKNQKTSD,0
1136,non-CPP_890,DKFENMGAQMVKEVSSQTSD,0
1137,non-CPP_891,IVDNVQQGNRDYPAIEAQSSQ,0
1138,non-CPP_893,NVPANEFLNLEGDKISTSRNWAVWLNEYLV,0
1139,non-CPP_894,QQSLCFRAFKDDKSIFVEA,0
1140,non-CPP_897,VACKEYGQRIVLGLDARDGKVATDGWA,0
1141,non-CPP_899,GHSADSSRQSGTRHTESSSRGQAASSHEQARSSA,0
1142,non-CPP_900,IKNLYLNHNRIESILPQQKSQ,0
1143,non-CPP_902,VPCYFIYGNRDFLIGSRFCQETGMTLLPEHTVI,0
1144,non-CPP_903,TESENDTLSESSTTSISSSPSENSDTSDDLTKVD,0
1145,non-CPP_905,ARETLADDPRCTVLGAELAELPRLLAEQGLA,0
1146,non-CPP_906,VNEIIEAFRARFDARVELAETVQETENFLVNR,0
1147,non-CPP_908,DQETIMRAATGGNRMFQH,0
1148,non-CPP_910,TFDHNLKLIKSAGIKEGLDLNTAL,0
1149,non-CPP_911,PKGYGRVVLENHQVKKIVEEKDANDEEKE,0
1150,non-CPP_912,DLGADSLDTVELVMAFEEE,0
1151,non-CPP_913,KTTLKLSLADENDFHLLNEQNQKIRIKSDT,0
1152,non-CPP_914,GEEALSSEDLLYLEF,0
1153,non-CPP_915,MRERDAARRATVPEINLFKARRDVVPNGDYERD,0
1154,non-CPP_917,KDKLSLITATDEKFTAAVI,0
1155,non-CPP_918,EDFLQAMEYAMPPTGGLGMGVDRVVMMITGRSIR,0
1156,non-CPP_919,IQPKLLGKAKRIIDAAGRYIEFCKGTF,0
1157,non-CPP_920,SPLVEKQSVPAKEEEMQQPESTE,0
1158,non-CPP_921,LLEGLKLMALEHKVLLTGTPLQNSVEE,0
1159,non-CPP_923,DITIKKAVELITSTATVKMEIKFTIKQVVA,0
1160,non-CPP_924,LSELEQMWLTELPAVTSREM,0
1161,non-CPP_925,DNNEINLNIKVTDFGLAV,0
1162,non-CPP_926,GYHTEPDIYTK,0
1163,non-CPP_927,TVPQGGMEMWLLYLLVPAMFCRAGG,0
1164,non-CPP_928,LEEAGILRAGPGGPDQQWPTVSSAT,0
1165,non-CPP_929,RYRNIEPQAINEVEVIEEA,0
1166,non-CPP_930,PDKMRWDKCRYYHDRYTTT,0
1167,non-CPP_931,KEPEALEASPVEVRVAGRVMLKRVMGK,0
1168,non-CPP_932,LRQAKWIKPKVNQPSLCFN,0
1169,non-CPP_933,DVDGFPTSQATSPEPGKKDEEAKAPFKSTLFH,0
1170,non-CPP_934,GGDPIPGSNFIDILKLFQEDPQTEAIVMIG,0
1171,non-CPP_935,ALHLIPSGILTPGVTNVIGNGVVVD,0
1172,non-CPP_936,LKVDKQANPTTDKDKSSKNDKGSQ,0
1173,non-CPP_937,TGCRSVCSHVVRNGDITFILTSPLRS,0
1174,non-CPP_939,LRHWTPAEIRIPIYVMIIASVVSAVQMLINAYAF,0
1175,non-CPP_940,WQLWQQVRPNNHSHLHAISVEKFPLSKADLIRA,0
1176,non-CPP_941,PVIKDSGFKITAMPEIKIEEIVAEDDEGLAASDK,0
1177,non-CPP_942,PKDAAPGTIRGDFGLEVSDAIC,0
1178,non-CPP_943,GTAKKGDVLGVARVAGI,0
1179,non-CPP_944,THIPNAWQEPQVVYKMKLRNVSKNN,0
1180,non-CPP_945,YFHGWPNQELKLSIKLYYMCQCGFYVYGVAALL,0
1181,non-CPP_946,ALQRDYEAGAGDKEKKPVCT,0
1182,non-CPP_947,ILPTMGGQTALNCVLDLDNH,0
1183,non-CPP_949,RIEPDCQFSKLCGGC,0
1184,non-CPP_950,NTDDRDVIRYLKYFTFLSKEEIEA,0
1185,non-CPP_951,RVIASSDLVWP,0
1186,non-CPP_952,FYNRNPPARKEAYGDISERKLLRERLRCKSFDW,0
1187,non-CPP_954,LLYGVFRFIVEFVRV,0
1188,non-CPP_955,RVLAYLLDKNLPKEQQE,0
1189,non-CPP_956,HNFAPLKNDRLLKALRFEPIDTTPVWMMRQAG,0
1190,non-CPP_957,FKQVGLSHGAQLFLGFEDQ,0
1191,non-CPP_958,SESRRTQALILKQAK,0
1192,non-CPP_959,LIELSGALESVVKQ,0
1193,non-CPP_960,RFHHQFTDSDRDPHSPIEGFWFSHVFWIFDTSY,0
1194,non-CPP_961,EALHLLSSMVQYMACVTPESFVWNDLS,0
1195,non-CPP_962,DATTITECLHTFCKSCIVK,0
1196,non-CPP_963,RAGIPEAFVSLG,0
1197,non-CPP_965,EKVEQQKLRREYIDIIKGNV,0
1198,non-CPP_966,KSPYSIDVNLLGRSI,0
1199,non-CPP_967,TIGDAIEAIENGVPIDMVQIDLTRTW,0
1200,non-CPP_968,ELKRLKIEAVKPDLILALEKKEEL,0
1201,non-CPP_969,GGYAIADVIGGE,0
1202,non-CPP_971,YLHATLFLIGEYLHLAFYY,0
1203,non-CPP_972,TGRRISATAEDGNKF,0
1204,non-CPP_974,GASEHTHGRLCEAVGLSGGVLSQTLARIM,0
1205,non-CPP_975,VTTSSDPVIQELAEKDE,0
1206,non-CPP_976,HCHSMFQIALSSRVAEWDSTEKIGDLFVASFSKS,0
1207,non-CPP_977,TDTLKHFLKLEYEKGEKNMEIILLTDISNKGK,0
1208,non-CPP_978,VELFRHHYNIPLVHVDASKQFLGELAGVTDPEMK,0
1209,non-CPP_979,HEKGQPVLVGTVAVETSEYLS,0
1210,non-CPP_981,NSPLFGTDGIRGKAGELL,0
1211,non-CPP_982,EFTHNHTVGDLTWD,0
1212,non-CPP_983,RAEELAKLFAHTGSIQALGMDELEGHE,0
1213,non-CPP_984,PRKQRRERTTFTRAQLDILEALFAKTRYPDIFMR,0
1214,non-CPP_985,ELRKKTGVGIMDAKKALVASDGNVEEAIDALRE,0
1215,non-CPP_986,FSKYCNSSDIMDLFCIATGLPRNTT,0
1216,non-CPP_987,SSSAKLASTSRNGPESSILDPHHSVMELL,0
1217,non-CPP_988,EIGAGFDSVTQRGSEHGDELTPQGFLSNHS,0
1218,non-CPP_989,VRAKAAAKGRTVRFGIRLHVIVRETTE,0
1219,non-CPP_990,IMEDIIRIIQDGSLDGEKYFQSLKERQGKENAEI,0
1220,non-CPP_991,QSLPSLRHLQLLPSP,0
1221,non-CPP_995,LENFFCILEVKPQFPE,0
1222,non-CPP_996,RDRTGTGGGAPCKSESDGNPTTEDESSRSP,0
1223,non-CPP_997,IAQEQKRMMEDFNNEVNMPNN,0
1224,non-CPP_998,TEKASRIGAAEKASRGDQES,0
1225,non-CPP_999,TVDMATLGVAAGWDDVAQTLAASLIANID,0
1226,non-CPP_1000,QFMDQNNPLSEI,0
1227,non-CPP_1001,VGKLRGAKGECHLAVADLEAFSQGL,0
1228,non-CPP_1002,VEKRGTKNWRPEYMHSATNMSVDAYT,0
1229,non-CPP_1006,EGEIKIDVERAVEWILKGAQPSDTVRDI,0
1230,non-CPP_1007,IRGQQQLRRPLVGDAGEGAG,0
1231,non-CPP_1008,VFMGMGEPLLNLKEVI,0
1232,non-CPP_1009,FSKEQVEDFVQRYQDIEKE,0
1233,non-CPP_1010,AVINSKTGLWKVTRNLDDDD,0
1234,non-CPP_1011,QKLKKMNLKNTIKKDIQDALIKIAIINCDP,0
1235,non-CPP_1012,NAHFDLNFLNAAVTRTAYKRNPFHQFSVFDTVT,0
1236,non-CPP_1014,QTPINDENNNNKSSMVLPDLNEPTDNN,0
1237,non-CPP_1015,EEDAAFILKWYSYEK,0
1238,non-CPP_1017,GYINASAEGVSIRTGLELSRDPAGRMK,0
1239,non-CPP_1018,ESIFGVKVDKVNIMNYKGKSKRVGRYTGMTSR,0
1240,non-CPP_1019,AQNESPTLQSNEW,0
1241,non-CPP_1021,DDLRINLWNFEITNQSFNIADIKPANMEELTE,0
1242,non-CPP_1022,DESHVTLPQVRGMYGG,0
1243,non-CPP_1023,PGAGGFQISNPSAIDLACLCAALSVF,0
1244,non-CPP_1024,TLPLIEQMMACRETMTSSE,0
1245,non-CPP_1025,KTADLINLQHYVIKEKRLSERE,0
1246,non-CPP_1027,YFKRYQVKFKRRREGKTDY,0
1247,non-CPP_1028,VVTTAKTDDEGRALLKALGFP,0
1248,non-CPP_1029,VDATGDIDIDFHHTVEDIGIVLGQALKEALG,0
1249,non-CPP_1030,AAAGVVYLYDGTYEDACHAIQNMAGDAAGMIC,0
1250,non-CPP_1031,FEVLTKVLQEEPPLLPGHM,0
1251,non-CPP_1032,LPRHIRTHTGEKPYECNICKVRFTRQDKLKVH,0
1252,non-CPP_1034,TAAVERELIGLDMSRARRAK,0
1253,non-CPP_1035,SIGNPHCVMLVEDVNTVDVSSIALRIQ,0
1254,non-CPP_1036,LLIVYPWTQRFFTSFGNLSNAAAIQSNAQVKAHG,0
1255,non-CPP_1037,SGDFLRNAKLSIMHTPSARPSKTDPLG,0
1256,non-CPP_1038,AVKYDDGRDPRGLLQADIVLVGVSRTS,0
1257,non-CPP_1041,PARVRPGEIVSTAGEVLGRHDGVH,0
1258,non-CPP_1042,HGVSIFCGIGERCREGEELYRDM,0
1259,non-CPP_1044,GRLAMVGFMALLLELITGYGPLHFAGLLMII,0
1260,non-CPP_1045,MLAKEGRLPDAVIACVGGGSNAIGMFADFIDEKN,0
1261,non-CPP_1046,MTILQFGNGIRRLMNRRDFQG,0
1262,non-CPP_1047,SGIEEELQKRLEF,0
1263,non-CPP_1048,VNMSSFFLMLVYYVTY,0
1264,non-CPP_1049,LQDISRAGKNVFRNV,0
1265,non-CPP_1050,YDEALGRLESPRHRGSSPRRVLDVEVYSSRSKV,0
1266,non-CPP_1051,REVRNFLISNALFWMRYFHIDG,0
1267,non-CPP_1052,EGLLSEMLPQHAAKMNLML,0
1268,non-CPP_1055,LVTGGKESLYWRVVAADFVTTDSGSGLVHL,0
1269,non-CPP_1056,NKKLFSFTKKYDNKTLFAALNFSS,0
1270,non-CPP_1057,QYRVFRCELPDPNKFALIDTTLYNSDTER,0
1271,non-CPP_1058,ELEDKKHKIGSIPPKRELEHWCTHGKY,0
1272,non-CPP_1060,QHFGGSLKGTLTLTAGLGGM,0
1273,non-CPP_1061,ANRRKWEELHQKRLQVSAASPVPSSPSP,0
1274,non-CPP_1064,HTCRRIMDMVSNQHPWFGMEQEYTLLGTDGHPF,0
1275,non-CPP_1065,ANSGKQDLRSTVAMQYDQTTTFAAKLK,0
1276,non-CPP_1066,EVKLSSEFWYFVGSEKALDAATVEKLQAL,0
1277,non-CPP_1067,SNFLRGKLKLYTGEACRRGDRMQFASFI,0
1278,non-CPP_1070,AYFKFQENRPPFPPEDWVMFLGL,0
1279,non-CPP_1071,KLTSVEARVLPAPWLKYH,0
1280,non-CPP_1072,SIGDSHIGILEQLKAW,0