index,name,fasta,CPP
0,CPP_1,AAYLLAKINLKALAALAKKIL,1
1,CPP_2,AEKVDPVKLNLTLSAAAEALTGLGDK,1
2,CPP_3,AGYLLGKINLKALAALAKKIL,1
3,CPP_4,AGYLLGKINLKALAALAKKILTYADFIASGRTGRRNAI,1
4,CPP_5,AGYLLGKINLKPLAALAKKIL,1
5,CPP_6,AGYLLGKINLRALAALARRIL,1
6,CPP_7,AGYLLGPINLKALAALAKKIL,1
7,CPP_8,AQIKIWFQNRRMKWKK,1
8,CPP_9,CRFRFKCCKK,1
9,CPP_10,CRFRWKCCKK,1
10,CPP_11,CRWRFKCCKK,1
11,CPP_12,CRWRWKCCKK,1
12,CPP_13,CRWRWKCG,1
13,CPP_14,CRWRWKCGCKK,1
14,CPP_15,CRWRWKCSKK,1
15,CPP_16,DCRWRWKCCKK,1
16,CPP_17,DSLKSYWYLQKFSWR,1
17,CPP_18,EEEAAGRKRKKRT,1
18,CPP_19,EKRPRTAFSSEQLARLKREFNENRYLTTERRRQQLSSELGLNEAQIKIWFQNKRAKIKKST,1
19,CPP_20,FITKALGISYGRKKRRQRRRPPQ,1
20,CPP_21,FLGKKFKKYFLQLLK,1
21,CPP_22,FLIFIRVICIVIAKLKANLMCKT,1
22,CPP_23,FQNRRMKWKK,1
23,CPP_24,FVTRGCPRRLVARLIRVMVPRR,1
24,CPP_25,GIGKFLHSAKKWGKAFVGQIMNC,1
25,CPP_26,GKKKKRKREKL,1
26,CPP_27,GLRKRLRKFRNKIKEK,1
27,CPP_28,GPFHFYQFLFPPV,1
28,CPP_29,GRKKRRQRARPPQC,1
29,CPP_30,GRKKRRQRRPPQC,1
30,CPP_31,GRKKRRQRRR,1
31,CPP_32,GRKKRRQRRRC,1
32,CPP_33,GRKKRRQRRRPPQ,1
33,CPP_34,GRKKRRQRRRPPQTYADFIASGRTGRRNAI,1
34,CPP_35,GRKKRRQRRRPWQ,1
35,CPP_36,GRKRKKRT,1
36,CPP_37,GRRRRRRRRRPPQ,1
37,CPP_38,GSPWGLQHHPPRT,1
38,CPP_39,GTKMIFVGIKKKEERADLIAYLKKA,1
39,CPP_40,GWTLNSAGYLLGKINLKALAALAKKIL,1
40,CPP_41,GWTLNSAGYLLGKLKALAALAKKIL,1
41,CPP_42,GYGNCRHFKQKPRRD,1
42,CPP_43,HHHHHHTKRRITPKDVIDVRSVTTEINT,1
43,CPP_44,IKIWFQNRRMKWKK,1
44,CPP_45,IPMIK,1
45,CPP_46,IPSRWKDQFWKRWHY,1
46,CPP_47,IWFQNRRMKWKK,1
47,CPP_48,KALAALLKKLAKLLAALK,1
48,CPP_49,KALAALLKKWAKLLAALK,1
49,CPP_50,KALAKALAKLWKALAKAA,1
50,CPP_51,KALKKLLAKWLAAAKALL,1
51,CPP_52,KCCKWRWRCK,1
52,CPP_53,KCFQWQRNMRKVRGPPVSC,1
53,CPP_54,KCFQWQRNMRKVRGPPVSCIKR,1
54,CPP_55,KCGCRWRWKCGCKK,1
55,CPP_56,KCRWRWKCCKK,1
56,CPP_57,KDCRWRWKCCKK,1
57,CPP_58,KGKKIFIMK,1
58,CPP_59,KIWFQNRRMKWKK,1
59,CPP_60,KKICTRKPRFMSAWAQ,1
60,CPP_61,KKWKMRRNQFWIKIQR,1
61,CPP_62,KLAAALLKKWKKLAAALL,1
62,CPP_63,KLALKLALKALKAALK,1
63,CPP_64,KLALKLALKALKAALKLA,1
64,CPP_65,KLALKLALKALKAALKLAGC,1
65,CPP_66,KLALKLALKAWKAALKLA,1
66,CPP_67,KLALQLALQALQAALQLA,1
67,CPP_68,KLPVM,1
68,CPP_69,KLTRAQRRAAARKNKRNTRGC,1
69,CPP_70,KLWMRWYSATTRRYG,1
70,CPP_71,KLWMRWYSPTTRRYG,1
71,CPP_72,KLWMRWYSPWTRRYG,1
72,CPP_73,KMDCRWRPKCCKK,1
73,CPP_74,KMDCRWRWKCCKK,1
74,CPP_75,KMDCRWRWKCKK,1
75,CPP_76,KMDCRWRWKCSKK,1
76,CPP_77,KMDCRWRWKKK,1
77,CPP_78,KMDCRWRWKSCKK,1
78,CPP_79,KMDSRWRWKCSKK,1
79,CPP_80,KMTRAQRRAAARRNRWTARGC,1
80,CPP_81,KNAWKHSSCHHRHQI,1
81,CPP_82,KRVSRNKSEKKRR,1
82,CPP_83,KRWRWKCCKK,1
83,CPP_84,KTVLLRKLLKLLVRKI,1
84,CPP_85,LGISYGRKKRRQRRRPPQ,1
85,CPP_86,LKTLATALTKLAKTLTTL,1
86,CPP_87,LLIILARRIRKQAHAHSK,1
87,CPP_88,LLIILRARIRKQAHAHSK,1
88,CPP_89,LLIILRRAIRKQAHAHSK,1
89,CPP_90,LLIILRRRIARKQAHAHSK,1
90,CPP_91,LLIILRRRIRAQAHAHSK,1
91,CPP_92,LLIILRRRIRKAAHAHSK,1
92,CPP_93,LLIILRRRIRKQAHAASK,1
93,CPP_94,LLIILRRRIRKQAHAHAK,1
94,CPP_95,LLIILRRRIRKQAHAHSA,1
95,CPP_96,LLKKRKVVRLIKFLLK,1
96,CPP_97,LNSAGYLLGKINLKALAALAKKIL,1
97,CPP_98,MDCRWRWKCCKK,1
98,CPP_99,MVRRFLVTLRIRRACGPPRVRV,1
99,CPP_100,MVTVLFRRLRIRRACGPPRVRV,1
100,CPP_101,NAKTRRHERRRKLAIERGC,1
101,CPP_102,NRRMKWKK,1
102,CPP_103,PMLKE,1
103,CPP_104,PRPLPFPRPG,1
104,CPP_105,QIKIWFQNRRMKWKK,1
105,CPP_106,QLALQLALQALQAALQLA,1
106,CPP_107,QNRRMKWKK,1
107,CPP_108,QQHLLIAINGYPRYN,1
108,CPP_109,RAIKIWFQNRRMKWKK,1
109,CPP_110,RAWMRWYSPTTRRYG,1
110,CPP_111,RIKAERKRMRNRIAASKSRKRKLERIARGC,1
111,CPP_112,RKKRRARRR,1
112,CPP_113,RKKRRQRR,1
113,CPP_114,RKKRRQRRR,1
114,CPP_115,RKKRRRESRKKRRRES,1
115,CPP_116,RLAMRWYSPTTRRYG,1
116,CPP_117,RLFMRFYSPTTRRYG,1
117,CPP_118,RLIMRIYSPTTRRYG,1
118,CPP_119,RLVMRVYSPTTRRYG,1
119,CPP_120,RLWARWYSPTTRRYG,1
120,CPP_121,RLWMRWASPTTRRYG,1
121,CPP_122,RLWMRWYAPTTRRYG,1
122,CPP_123,RLWMRWYSPATRRYG,1
123,CPP_124,RLWMRWYSPTARRYG,1
124,CPP_125,RLWMRWYSPTTRRAG,1
125,CPP_126,RLWMRWYSPTTRRYA,1
126,CPP_127,RLWMRWYSPTTRRYG,1
127,CPP_128,RLWMRWYSPWTRRYG,1
128,CPP_129,RLYMRYYSPTTRRYG,1
129,CPP_130,RQAKIWFQNRRMKWKK,1
130,CPP_131,RQIAIWFQNRRMKWKK,1
131,CPP_132,RQIKAWFQNRRMKWKK,1
132,CPP_133,RQIKIAFQNRRMKWKK,1
133,CPP_134,RQIKIFFQNRRMKFKK,1
134,CPP_135,RQIKIWAQNRRMKWKK,1
135,CPP_136,RQIKIWFANRRMKWKK,1
136,CPP_137,RQIKIWFPNRRMKWKK,1
137,CPP_138,RQIKIWFQARRMKWKK,1
138,CPP_139,RQIKIWFQNARMKWKK,1
139,CPP_140,RQIKIWFQNRAMKWKK,1
140,CPP_141,RQIKIWFQNRRAKWKK,1
141,CPP_142,RQIKIWFQNRRMK,1
142,CPP_143,RQIKIWFQNRRMKAKK,1
143,CPP_144,RQIKIWFQNRRMKW,1
144,CPP_145,RQIKIWFQNRRMKWK,1
145,CPP_146,RQIKIWFQNRRMKWKK,1
146,CPP_147,RQIKIWFQNRRMKWKKTYADFIASGRTGRRNAI,1
147,CPP_148,RQIRIWFQNRRMRWRR,1
148,CPP_149,RQPKIWFPNRRKPWKK,1
149,CPP_150,RRIRPRPPRLPRPRP,1
150,CPP_151,RRMKWKK,1
151,CPP_152,RRRQRRKKR,1
152,CPP_153,RRRRNRTRRNRRRVRGC,1
153,CPP_154,RRRRRR,1
154,CPP_155,RRRRRRR,1
155,CPP_156,RRRRRRRR,1
156,CPP_157,RRRRRRRRR,1
157,CPP_158,RRRRRRRRRRR,1
158,CPP_159,RRRRRRRRRRRTYADFIASGRTGRRNAI,1
159,CPP_160,RTLVNEYKNTLKFSK,1
160,CPP_161,RVIRVWFQNKRCKDKK,1
161,CPP_162,RVREWWYTITLKQES,1
162,CPP_163,RVRVFVVHIPRLT,1
163,CPP_164,RWRWKCCKK,1
164,CPP_165,SKRTRQTYTRYQTLELEKEFHFNRYITRRRRIDIANALSLSERQIKIWFQNRRMKSKKDR,1
165,CPP_166,SRWRWKCCKK,1
166,CPP_167,TKRRITPKDVIDVRSVTTEINT,1
167,CPP_168,TKRRITPKDVIDVRSVTTKINT,1
168,CPP_169,TKRRITPKKVIDVRSVTTEINT,1
169,CPP_170,TRQARRNRRRRWRERQR,1
170,CPP_171,TRQARRNRRRRWRERQRGC,1
171,CPP_172,TRRQRTRRARRNRGC,1
172,CPP_173,TRSSRAGLQWPVGRVHRLLRKGGC,1
173,CPP_174,VELPPPVELPPPVELPPP,1
174,CPP_175,VKLPPPVKLPPPVKLPPP,1
175,CPP_176,VPALK,1
176,CPP_177,VPALR,1
177,CPP_178,VPMLK,1
178,CPP_179,VPTLE,1
179,CPP_180,VPTLK,1
180,CPP_181,VPTLQ,1
181,CPP_182,VRLPPPVRLPPPVRLPPP,1
182,CPP_183,VRRFLVTLRIRRA,1
183,CPP_184,VSALK,1
184,CPP_185,WFQNRRMKWKK,1
185,CPP_186,WKCRRQCFRVLHHWN,1
186,CPP_187,YIVLRRRRKRVNTKRS,1
187,non-CPP_1,AAAAARRRIRKQAHAHSK,0
188,non-CPP_2,ADVFDRGGPYLQRGVADLVPTATLLDTYSP,0
189,non-CPP_3,AGCKNFFWKTFTSC,0
190,non-CPP_4,AGYLLGKLKALAALAKKIL,0
191,non-CPP_5,AHALCLTERQIKSNRRMKWKKEN,0
192,non-CPP_6,AKKRRQRRR,0
193,non-CPP_7,ALIILRRRIRKQAHAHSK,0
194,non-CPP_8,ALWMRWYSPTTRRYG,0
195,non-CPP_9,ARTINAQQAELDSALLAAAGFGNTTADVFDRG,0
196,non-CPP_10,CRWRWKSSKK,0
197,non-CPP_11,CYFQNCPRG,0
198,non-CPP_12,DFDMLRCMLGRVYRPCWQV,0
199,non-CPP_13,EEEAA,0
200,non-CPP_14,EEEAAKKK,0
201,non-CPP_15,EILLPNNYNAYESYKYPGMFIALSK,0
202,non-CPP_16,EKGKKIFIMK,0
203,non-CPP_17,ELALELALEALEAALELA,0
204,non-CPP_18,ERKKRRRE,0
205,non-CPP_19,FFFAAGRKRKKRT,0
206,non-CPP_20,FITKALGISYGRKKRR,0
207,non-CPP_21,FITKALGISYGRKKRRQC,0
208,non-CPP_22,FKKFRKF,0
209,non-CPP_23,FQWQRNMRKVRGPPVS,0
210,non-CPP_24,FVPIFTHSELQKIREKERNKGQ,0
211,non-CPP_25,GALFLGFLGAAGSTMGAWSQPKSKRKV,0
212,non-CPP_26,GDVYADAAPDLFDFLDSSVTTARTINA,0
213,non-CPP_27,GIWFAYSRGHFRTKKGT,0
214,non-CPP_28,GKKKKKQKKKPWQ,0
215,non-CPP_29,GKYVSLTTPKNPTKRRITPKDV,0
216,non-CPP_30,GLGDKFGESIVNANTVLDDLNSRMPQSRHDIQQL,0
217,non-CPP_31,GRKKRRQARAPPQC,0
218,non-CPP_32,GRKKRRQPPQC,0
219,non-CPP_33,GRKKRRQRPPQC,0
220,non-CPP_34,GRKRKKRT,0
221,non-CPP_35,GSGKKGGKKICQKY,0
222,non-CPP_36,GSSSWWQRWWPPW,0
223,non-CPP_37,GWTLNSAGYLLGKFLPLILRKIVTAL,0
224,non-CPP_38,GWTLNSAGYLLGKINLKAPAALAKKIL,0
225,non-CPP_39,GWTLNSAGYLLGPHAI,0
226,non-CPP_40,GWTLNSAGYLLGPHAVGNHRSFSDKNGLTS,0
227,non-CPP_41,GWTLNSKINLKALAALAKKIL,0
228,non-CPP_42,GWTNLSAGYLLGPPPGFSPFR,0
229,non-CPP_43,HDEFERHAEGTFTSDVSSYLEGQAAKEFIAWLVKGR,0
230,non-CPP_44,IAARIKLRSRQHIKLRHL,0
231,non-CPP_45,IKRYLIKR,0
232,non-CPP_46,ILRRRIRKQAHAHSK,0
233,non-CPP_47,KCFMWQEMLNKAGVPKLRCARK,0
234,non-CPP_48,KCFQWQRNMRKVR,0
235,non-CPP_49,KCFQWQRNMRKVRGPPVSSIKR,0
236,non-CPP_50,KIAAKSIAKIWKSILKIA,0
237,non-CPP_51,KIIRRLIK,0
238,non-CPP_52,KITLKLAIKAWKLALKAA,0
239,non-CPP_53,KIWFQNRRMK,0
240,non-CPP_54,KKAAQIRSQVMTHLRVI,0
241,non-CPP_55,KKKEERADLIAYLKKA,0
242,non-CPP_56,KKKQYTSIHHGVVEVD,0
243,non-CPP_57,KKLSECLKRIGDELDS,0
244,non-CPP_58,KKRRQRRR,0
245,non-CPP_59,KLALKAAAKAWKAAAKAA,0
246,non-CPP_60,KLALKAALKAWKAAAKLA,0
247,non-CPP_61,KLALKALKAALKLA,0
248,non-CPP_62,KLALKLALKALKAA,0
249,non-CPP_63,KLALKLALKALQAALQLA,0
250,non-CPP_64,KLALKLALKWAKLALKAA,0
251,non-CPP_65,KLGLKLGLKGLKGGLKLG,0
252,non-CPP_66,KLIRKRLI,0
253,non-CPP_67,KLLAKAAKKWLLLALKAA,0
254,non-CPP_68,KLLAKAALKWLLKALKAA,0
255,non-CPP_69,KMDCRPRPKCCKK,0
256,non-CPP_70,KMDCRWRWKSSKK,0
257,non-CPP_71,KMDRWRWKKK,0
258,non-CPP_72,KMDSRWRWKCCKK,0
259,non-CPP_73,KMDSRWRWKSCKK,0
260,non-CPP_74,KMDSRWRWKSSKK,0
261,non-CPP_75,KMIFVGIKKK,0
262,non-CPP_76,KMIFVGIKKKEERA,0
263,non-CPP_77,KMTRAQRRAAARRNRWTARGC,0
264,non-CPP_78,KQIKIWFQNKKMKWKK,0
265,non-CPP_79,KRARNTEAARRSRARKLQRMKQGC,0
266,non-CPP_80,KRRIRRERNKMAAAKSRNRRRELTDTGC,0
267,non-CPP_81,KRRQRRR,0
268,non-CPP_82,KSHAHAQKRIRRRLIILL,0
269,non-CPP_83,KTLKVAKWLKKAKPLRKLVKC,0
270,non-CPP_84,LAIILRRRIRKQAHAHSK,0
271,non-CPP_85,LDTYSPELFCTIRNFYDADRPDRGAAA,0
272,non-CPP_86,LIKRKRLI,0
273,non-CPP_87,LIKRRKIL,0
274,non-CPP_88,LKTLTETLKELTKTLTEL,0
275,non-CPP_89,LLAILRRRIRKQAHAHSK,0
276,non-CPP_90,LLGKINLKALAALAKKIL,0
277,non-CPP_91,LLIALRRRIRKQAHAHSK,0
278,non-CPP_92,LLIIARRRIRKQAHAHSK,0
279,non-CPP_93,LLIILRRRARKQAHAHSK,0
280,non-CPP_94,LLIILRRRIRKQAAAHSK,0
281,non-CPP_95,LLKTTALLKTTALLKTTA,0
282,non-CPP_96,LLKTTELLKTTELLKTTE,0
283,non-CPP_97,LNSAGYLLGKALAALAKKIL,0
284,non-CPP_98,LNSAGYLLGKLKALAALAK,0
285,non-CPP_99,LRKKKKKH,0
286,non-CPP_100,MDAQTRRRERRAEKQAQWKAANGC,0
287,non-CPP_101,NKPILVFY,0
288,non-CPP_102,NNNAAGRKRKKRT,0
289,non-CPP_103,PKKKRKV,0
290,non-CPP_104,PPRLPRPRPRPLPFPRPG,0
291,non-CPP_105,PRPPRLPRPRPRPLPFPRPG,0
292,non-CPP_106,PRPRPLPFPRPG,0
293,non-CPP_107,PRPRPRPLPFPRPG,0
294,non-CPP_108,PVVHLTLRQAGDDFSR,0
295,non-CPP_109,QNLGNQWAVGHLM,0
296,non-CPP_110,QWQRNMRKVR,0
297,non-CPP_111,QWQRNMRKVRGPPVSCIKR,0
298,non-CPP_112,RAKRRQRRR,0
299,non-CPP_113,RGGRLAYLRRRWAVLGR,0
300,non-CPP_114,RGGRLSYSRRRFSTSTGR,0
301,non-CPP_115,RKARRQRRR,0
302,non-CPP_116,RKKARQRRR,0
303,non-CPP_117,RKKRAQRRR,0
304,non-CPP_118,RKKRRQARR,0
305,non-CPP_119,RKKRRQR,0
306,non-CPP_120,RKKRRQRAR,0
307,non-CPP_121,RKKRRQRRA,0
308,non-CPP_122,RLIKRLIK,0
309,non-CPP_123,RLLMRLYSPTTRRYG,0
310,non-CPP_124,RLPRPRPRPLPFPRPG,0
311,non-CPP_125,RLWMAWYSPTTRRYG,0
312,non-CPP_126,RLWMRAYSPTTRRYG,0
313,non-CPP_127,RLWMRWYSPTTARYG,0
314,non-CPP_128,RLWMRWYSPTTRAYG,0
315,non-CPP_129,RLWMRWYSPWTRRWG,0
316,non-CPP_130,RMKWKK,0
317,non-CPP_131,RPPGFSPFR,0
318,non-CPP_132,RQIKIFFQNRRMKFKK,0
319,non-CPP_133,RQIKIW,0
320,non-CPP_134,RQIKIWFQ,0
321,non-CPP_135,RQIKIWFQN,0
322,non-CPP_136,RQIKIWFQNR,0
323,non-CPP_137,RQIKIWFQNRR,0
324,non-CPP_138,RQIKIWFQNRRM,0
325,non-CPP_139,RQIKIWFQNRRMAWKK,0
326,non-CPP_140,RQIKIWFQNRRMKWAK,0
327,non-CPP_141,RQIKIWFQNRRMKWK,0
328,non-CPP_142,RQIKIWFQNRRMKWKA,0
329,non-CPP_143,RRIRPRP,0
330,non-CPP_144,RRIRPRPPRLPRPRPRP,0
331,non-CPP_145,RRIRPRPPRLPRPRPRPLPFPRPG,0
332,non-CPP_146,RRKLSQQKEKK,0
333,non-CPP_147,RRLSYSRRRF,0
334,non-CPP_148,RRRRR,0
335,non-CPP_149,RRRRRRRRRRRR,0
336,non-CPP_150,RRRRRRRRRRRRRRRR,0
337,non-CPP_151,RSVTTEINTLFQTLTSIAEKVDP,0
338,non-CPP_152,RVRILARFLRTRV,0
339,non-CPP_153,SKKKKTKV,0
340,non-CPP_154,SRRHHCASKAKRSRHH,0
341,non-CPP_155,SRWRWKCSKK,0
342,non-CPP_156,SRWRWKSCKK,0
343,non-CPP_157,SRWRWKSSKK,0
344,non-CPP_158,TAKTRYKARRAELIAERRGC,0
345,non-CPP_159,TARRITPKDVIDVRSVTTEINT,0
346,non-CPP_160,TERQIKIWFQNRRMK,0
347,non-CPP_161,TKAARITPKDVIDVRSVTTEINT,0
348,non-CPP_162,TKRRITPDDVIDVRSVTTEINT,0
349,non-CPP_163,TKRRITPKDVIDV,0
350,non-CPP_164,TKRRITPKDVIDVESVTTEINT,0
351,non-CPP_165,TKRRITPKDVIDVRSVTTEINT,0
352,non-CPP_166,TRRQRTRRARRNRGC,0
353,non-CPP_167,VATIKSVSFYTRK,0
354,non-CPP_168,VHLPPP,0
355,non-CPP_169,VHLPPPVHLPPP,0
356,non-CPP_170,VHLPPPVHLPPPVHLPPP,0
357,non-CPP_171,VIRVHFRLPVRTV,0
358,non-CPP_172,VKLPPP,0
359,non-CPP_173,VKLPPPVKLPPP,0
360,non-CPP_174,VKRGLKLRHVRPRVTRMDV,0
361,non-CPP_175,VNADIKATTVFGGKYVSLTTP,0
362,non-CPP_176,VQAILRRNWNQYKIQ,0
363,non-CPP_177,VQRKRQKLMP,0
364,non-CPP_178,VRLPPP,0
365,non-CPP_179,VRLPPPVRLPPP,0
366,non-CPP_180,WSYGLRPG,0
367,non-CPP_181,YLANGEL,0
368,non-CPP_182,YYYAAGRKRKKRT,0
369,non-CPP_183,ARNPIHLAAPALAE,0
370,non-CPP_184,IHNMNFSA,0
371,non-CPP_185,TKKDLTQWFFKITDYADELLDKLD,0
372,non-CPP_186,SGWNAYIDTMTAAAP,0
373,non-CPP_187,ESGGPEPGVGCAGRGVITSITYLEEAGAYENLD,0